# BPRM feature inventory: one row per (module, feature) of the BPRM 4.00.06 source (lakeraven-ehr#565)
# generator: bin/bprm_inventory; regenerate with: bin/bprm_inventory <source.zip> <manifest.yml>
# source: bprm0400.06src.zip sha256 679fa47ce1459c105b429934af2a6a89f5e046044cc5dac2633997ffdf261d6d
# manifest: bprm-4.00.06.yml sha256 6fa823bcad6db0d33fce1dc908e908585e14ea25c7d09d266fec5f0e9854c9a7
# totals: features=135 routed_pages=101 routes=116 command_handlers=186 query_handlers=123 validators=116 source_files=1399
# bmw tables referenced in source but absent from the manifest (left out of bmw_tables): BMW.ADVANCE_DIRECTIVE;BMW.EFFECTIVE_DATE_45_7C45_702
module	feature	routes	pages	command_handlers	query_handlers	validators	policies	security_keys	bmw_tables	bmw_procedures	source_files
Adt	(root)										21
Adt	ChartDeficiencies	/settings/tablemaintenance/chartdeficiencies;/settings/tablemaintenance/chartdeficiencies/changechartdeficiency;/settings/tablemaintenance/chartdeficiencies/changechartdeficiency/{EditItemId}	ChartDeficiencyPage.razor;ChartDeficiencySummaryPage.razor	App/ChartDeficiencyCommandHandler.cs;Core/ChangeChartDeficiencyCommandHandler.cs	App/ChartDeficiencyQueryHandler.cs;Core/ChartDeficiencyModelQueryHandler.cs	Shared/ChangeChartDeficiencyCommandValidator.cs	CanAccessADTTableMaintenance	DGZSUP;DGZSYS	BMW.CHART_DEFICIENCY		12
Adt	Common			Core/ChangePatientConditionCommandHandler.cs	Core/ADTSiteParameterQueryHandler.cs;Core/WardDefinitionQueryHandler.cs				BMW.IHS_ADT_PARAMETERS;BMW.IHS_WARD_DEFINITION;BMW.VA_PATIENT;BMW.WARDS_WHICH_CAN_ASSIGN_405_4C405_41		9
Adt	Configuration										1
Adt	Dashboard	/adt/dashboard	DashboardPage.razor								3
Adt	DischargeList	/adt/dischargelist	DischargeListPage.razor				CanAccessADT;CanAccessIncompleteChart;CanMovePatient;IsADTSupervisor	DGZADT;DGZICE;DGZMENU;DGZNUR;DGZPCC;DGZSUP;DGZSYS			2
Adt	IncompleteCharts	/adt/ics/{EditItemId}/{PatientId};/adt/icslist/	IncompleteChartDetailPage.razor;IncompleteChartSummaryPage.razor	Core/ChangeIncompleteChartCommandHandler.cs;Core/CreateIncompleteChartCommandHandler.cs	Core/IncompleteChartByIdQueryHandler.cs;Core/IncompleteChartQueryHandler.cs	Shared/ChangeIncompleteChartCommandValidator.cs	CanAccessIncompleteChart	DGZICE;DGZPCC;DGZSUP;DGZSYS	BMW.HEALTH_RECORD_NO__9000001C9000001_41;BMW.INCOMPLETE_CHART;BMW.PATIENT;BMW.PROVIDER_9009016_1C9009016_11	BMW_BSF_SP.Core_SetSessionVariablesQ	14
Adt	Movements	/adt/admission/{EditItemId}/{PatientId};/adt/admit/;/adt/movement/{MovementType};/adt/movement/{MovementType}/{AdmissionId}/{PatientId}	AdmissionDetailPage.razor;AdmitPage.razor;MovementPage.razor	Core/AdmitCommandHandler.cs;Core/CancelAdmissionCommandHandler.cs;Core/CancelDischargeCommandHandler.cs;Core/ChangeAdmissionDetailCommandHandler.cs;Core/DischargeAdmissionCommandHandler.cs;Core/TransferBedCommandHandler .cs;Core/TransferProviderCommandHandler.cs;Core/TransferTreatingSpecialtyCommandHandler.cs;Core/TransferWardCommandHandler.cs	App/AdmissionDetailQueryHandler.cs;Core/AdmissionDetailQueryHandler.cs;Core/AdmissionQueryHandler.cs;Core/DischargeQueryHandler.cs;Core/LoadAdmissionQueryHandler.cs	Core/MovementsCommandAsyncValidator.cs;Shared/AdmitCommandValidator.cs;Shared/CancelAdmissionCommandValidator.cs;Shared/ChangeAdmissionDetailCommandValidator.cs;Shared/DischargeAdmissionValidator.cs;Shared/TransferBedValidator.cs;Shared/TransferProviderValidator.cs;Shared/TransferTreatingSpecialtyValidator.cs;Shared/TransferWardValidator.cs	CanMovePatient	DGZADT;DGZNUR;DGZSUP;DGZSYS	BMW.HEALTH_RECORD_NO__9000001C9000001_41;BMW.INCOMPLETE_CHART;BMW.PATIENT;BMW.PATIENT_MOVEMENT;BMW.PRF_ASSIGNMENT;BMW.VA_PATIENT;BMW.WARDS_WHICH_CAN_ASSIGN_405_4C405_41;BMW_BSF_VW.AG_PATIENT_SEARCH_VIEW	BMW_BSF_SP.BDG_SetPatientAdmissionV4Q;BMW_BSF_SP.BDG_SetPatientMovementCancelV4Q;BMW_BSF_SP.BDG_SetPatientMovementDischargeV4Q;BMW_BSF_SP.BDG_SetPatientMovementEditV4Q;BMW_BSF_SP.BDG_SetPatientSpecialtyTransferV4Q;BMW_BSF_SP.BDG_SetPatientTransferV4Q;BMW_BSF_SP.CoreUtility_GetWPData;BMW_BSF_SP.CoreUtility_GetWPDataLines	44
Adt	ReferenceData								BMW.ADMISSION_SOURCE;BMW.ADT_FORMS;BMW.FACILITY_MOVEMENT_TYPE;BMW.FACILITY_TREATING_SPECIALTY;BMW.HOSPITAL_LOCATION;BMW.IHS_WARD_DEFINITION;BMW.PATIENT_STATUS_CODE_NUBC;BMW.TRANSFER_FACILITY		3
Adt	Reports										1
Adt	RoomBeds	/settings/roombeds/changeroombed;/settings/roombeds/changeroombed/{RoomBedId};/settings/roombeds/inactivateroombed/{RoomBedId}/{RoomBedName};/settings/roombeds/reactivateroombed/{RoomBedId};/settings/tablemaintenance/roombeds	InactivateRoomBedPage.razor;ReactivateRoomBedPage.razor;RoomBedPage.razor;RoomBedsSummaryPage.razor	Core/ChangeRoomBedCommandHandler.cs;Core/InactivateRoomBedCommandHandler .cs;Core/ReactivateRoomBedCommandHandler.cs	App/RoomBedRecordQueryHandler.cs;Core/RoomBedQueryHandler.cs;Core/RoomBedRecordQueryHandler.cs;Core/RoomBedSummaryQueryHandler.cs	Core/RoomBedCommandsAsyncValidator.cs;Shared/ChangeRoomBedCommandValidator.cs;Shared/InactivateRoomBedCommandValidator.cs;Shared/ReactivateRoomBedCommandValidator.cs	CanAccessADT;CanAccessADTTableMaintenance	DGZADT;DGZICE;DGZMENU;DGZNUR;DGZPCC;DGZSUP;DGZSYS	BMW.MAS_OUTOFSERVICE;BMW.OUTOFSERVICE_DATE_405_4C405_42;BMW.ROOMBED;BMW.ROOMBED_DESCRIPTION;BMW.VA_PATIENT;BMW.WARDS_WHICH_CAN_ASSIGN_405_4C405_41		32
Adt	SiteParameters	/settings/tablemaintenance/siteparameters	IhsAdtParametersPage.razor	Core/ChangeIhsAdtParametersCommandHandler.cs	App/IhsAdtParametersQueryHandler.cs;Core/IhsAdtParametersQueryHandler.cs	Shared/ChangeIhsAdtParametersCommandValidator.cs	CanAccessADTTableMaintenance	DGZSUP;DGZSYS	BMW.IHS_ADT_PARAMETERS;BMW.MEDICAL_CENTER_DIVISION		8
Adt	Wards	/settings/tablemaintenance/wards;/settings/wards/addward;/settings/wards/changeward/{WardId}	AddWardPage.razor;ChangeWardPage.razor;WardSummaryPage.razor	Core/AddWardCommandHandler.cs;Core/ChangeWardCommandHandler.cs;Core/InactivateWardCommandHandler.cs;Core/ReactivateWardCommandHandler.cs	App/WardQueryHandler.cs;Core/WardQueryHandler.cs;Core/WardSummaryQueryHandler.cs	Core/WardCommandsAsyncValidators.cs;Shared/AddWardCommandValidator.cs;Shared/ChangeWardCommandValidator.cs;Shared/InactivateWardCommandValidator.cs	CanAccessADTTableMaintenance	DGZSUP;DGZSYS	BMW.AUTHORIZATION_DATE_9009016_5C9009016_52;BMW.HOSPITAL_LOCATION;BMW.IHS_WARD_DEFINITION;BMW.VA_PATIENT;BMW.WARD_LOCATION		27
Adt	Workspace	/adt/list/;/adt/workspace/	ListPage.razor;WorkspacePage.razor				CanAccessADT;CanMovePatient	DGZADT;DGZICE;DGZMENU;DGZNUR;DGZPCC;DGZSUP;DGZSYS			6
Benefits	(root)				Core/InsuranceSearchQueryHandler.cs				BMW.INSURER		21
Benefits	BenefitsCase	/patient/benefitcase/changecase/{PatientId}/{CaseId?}	BenefitsCasePage.razor	App/ChangeBenefitsCaseCommandHandler.cs;App/ReOpenBenefitsCaseCommandHandler.cs;Core/ChangeBenefitsCaseApplicationCommandHandler.cs;Core/ChangeBenefitsCaseCommandHandler.cs;Core/ChangeBenefitsCaseCompletedCommandHandler.cs;Core/ReOpenBenefitsCaseCommandHandler.cs	App/BenefitsCaseSummaryQueryHandler.cs;Core/BenefitsCaseSummaryQueryHandler.cs	Shared/ChangeBenefitsCaseCommandValidator.cs			BMW.ASSIGNED_TO_BENEFIT_COORD_9000044C9000044_11;BMW.BENEFIT_COORDINATOR_CASES;BMW.DATE_APPLICATION_OBTAINED_9000045C9000045_11;BMW.DATE_APPLICATION_SUBMITTED_9000045_11C9000045_1101;BMW.PATIENT_APPLICATIONS;BMW_BSF_VW.AG_BENEFIT_COORDINATOR_CASES_VIEW;BMW_BSF_VW.AG_PATIENT_APPLICATIONS_VIEW	BMW_BSF_SP.AG_SendBenefitCaseAssignMsgQ;BMW_BSF_SP.CoreUtility_GetWPData;BMW_BSF_SP.Core_SetWordProcessingQ	20
Benefits	EmployerGroupInsurances	/settings/tablemaintenance/groupinsurances;/settings/tablemaintenance/groupinsurances/changegroupinsurance;/settings/tablemaintenance/groupinsurances/changegroupinsurance/{EditItemId}	EmployerGroupInsurancePage.razor;EmployerGroupInsuranceSummaryPage.razor	App/EmployerGroupInsuranceCommandHandler.cs;Core/ChangeEmployerGroupInsuranceCommandHandler.cs	App/EmployerGroupInsuranceSummaryQueryHandler.cs;Core/EmployerGroupInsuranceModelQueryHandler.cs	Shared/ChangeEmployerGroupInsuranceCommandValidator.cs	CanAccessBenefitsTableMaintenance	AGZMGR	BMW.EMPLOYER_GROUP_INSURANCE;BMW.F3P_VISIT_TYPE;BMW.VISIT_TYPE_9999999_77C9999999_7711		13
Benefits	Employers	/settings/tablemaintenance/employers;/settings/tablemaintenance/employers/changeemployer;/settings/tablemaintenance/employers/changeemployer/{EditItemId}	EmployersPage.razor;EmployersSummaryPage.razor	App/EmployerCommandHandler.cs;Core/ChangeEmployerCommandHandler.cs	App/EmployersSummaryQueryHandler.cs;Core/EmployerModelQueryHandler.cs	Shared/ChangeEmployerCommandValidator.cs	CanAccessBenefitsTableMaintenance	AGZMGR	BMW.EMPLOYER		11
Benefits	Guarantor	/patient/benefits/guarantor-add/{PatientId}/{InsurerId?};/patient/benefits/guarantor-edit/{PatientId}/{GuarantorId}	GuarantorAddPage.razor;GuarantorEditPage.razor	App/ChangeGuarantorCommandHandler.cs;Core/ChangeGuarantorCommandHandler.cs;Core/ChangeGuarantorEligibilityCommandHandler.cs	App/GuarantorQueryHandler.cs;Core/GuarantorQueryHandler.cs	Shared/ChangeGuarantorCommandValidator.cs			BMW.EFFECTIVE_DATE_9000043_0101C9000043_0111;BMW.GUARANTOR;BMW.GUARANTOR_9000043C9000043_0101		15
Benefits	Insurance	/patient/benefits/delete-insurance/{PatientId}/{InsuranceId}/{InsurerName}	DeleteInsurancePage.razor	App/DeleteInsuranceCommandHandler.cs;App/RemoveSequencingCommandHandler.cs;Core/DeleteInsuranceCommandHandler.cs	App/HasFamilyInformationQueryHandler.cs;App/InsuranceClaimsQueryHandler.cs;App/InsuranceSummaryQueryHandler.cs;App/InsurerQueryHandler.cs;Core/HasFamilyInformationQueryHandler.cs;Core/InsuranceClaimsQueryHandler.cs;Core/InsuranceSequenceQueryHandler.cs;Core/InsuranceSummaryQueryHandler.cs				BMW.PATIENT;BMW.VA_PATIENT;BMW_BSF_VW.AG_INSURANCE_SEQUENCE_VIEW;BMW_BSF_VW.AG_INSURANCE_SUMMARY_VIEW	BMW_BSF_SP.AG_GetPatientInsuranceInUseQ;BMW_BSF_SP.AG_SetPatientInsuranceDeleteQ	24
Benefits	Insurers	/settings/tablemaintenance/insurers;/settings/tablemaintenance/insurers/changeinsurer;/settings/tablemaintenance/insurers/changeinsurer/{EditItemId}	InsurerPage.razor;InsurerSummaryPage.razor	App/InsurerCommandHandler.cs;Core/ChangeInsurerCommandHandler.cs	App/InsurerSummaryQueryHandler.cs;Core/InsurerQueryHandler.cs	Core/ChangeInsurerCommandAsyncValidator.cs;Shared/ChangeInsurerCommandValidator.cs	CanAccessBenefitsTableMaintenance	AGZMGR	BMW.COVERAGE_TYPE;BMW.INSURER		12
Benefits	Medicaid	/patient/benefits/medicaid-add/{PatientId}/{InsurerId};/patient/benefits/medicaid/{PatientId}/{InsuranceId?}	MedicaidAddPage.razor;MedicaidEditPage.razor	App/ChangeMedicaidCommandHandler.cs;Core/ChangeMedicaidCommandHandler.cs;Core/ChangeMedicaidEligibilityCommandHandler.cs;Core/RemoveMedicaidEligibilityCommandHandler.cs	App/MedicaidQueryHandler.cs;Core/MedicaidQueryHandler.cs	Shared/ChangeMedicaidCommandValidator.cs			BMW.ELIGIBILITY_DATES_9000004C9000004_11;BMW.MEDICAID_ELIGIBLE;BMW.RELATIONSHIP_9999999_36		15
Benefits	Medicare	/patient/benefits/medicare/{PatientId}	MedicarePage.razor	App/MedicareCommandHandler.cs;Core/ChangeMedicareCommandHandler.cs;Core/ChangeMedicareEligibilityCommandHandler.cs;Core/RemoveMedicareEligibilityCommandHandler.cs	App/MedicareQueryHandler.cs;Core/MedicareQueryHandler.cs	Core/ChangeMedicareCommandAsyncValidator.cs;Shared/ChangeMedicareCommandValidator.cs			BMW.ADVANCE_BENEFICIARY_NOTICE_9000003C9000003_13;BMW.ELIGIBILITY_9000003C9000003_11;BMW.MEDICARE_ELIGIBLE;BMW.PATIENT;BMW.VA_PATIENT	BMW_BSF_SP.AG_GetPatientMBIM;BMW_BSF_SP.AG_GetPatientMBIQ;BMW_BSF_SP.AG_SetPatientMBIQ	18
Benefits	MspSurvey	/patient/benefits/change-mspsurvey/{PatientId}/{MspSurveyId?}	MspSurveyPage.razor	App/ChangeMspSurveyCommandHandler.cs;Core/ChangeMspSurveyCommandHandler.cs	App/MspSummaryQueryHandler.cs;Core/MspSummaryQueryHandler.cs	Core/ChangeMspSurveyCommandAsyncValidator.cs;Shared/ChangeMspSurveyCommandValidator.cs			BMW.MSP_PATIENT		20
Benefits	PartD	/patient/benefits/partd-add/{PatientId}/{InsurerId};/patient/benefits/partd/{PatientId}/{InsuranceId}	PartDAddPage.razor;PartDEditPage.razor	App/PartDCommandHandler.cs;Core/ChangePartDCommandHandler.cs	App/PartDQueryHandler.cs;Core/PartDCreateQueryHandler.cs;Core/PartDQueryHandler.cs	Core/ChangePartDCommandAsyncValidator.cs;Shared/ChangeMedicarePartDCommandValidator.cs			BMW.COVERAGE_TYPE;BMW.ELIGIBILITY_9000003C9000003_11;BMW.ELIGIBILITY_9000005C9000005_11;BMW.INSURER;BMW.VA_PATIENT		13
Benefits	PatientApplicationTypes	/settings/tablemaintenance/patientapplicationtypes;/settings/tablemaintenance/patientapplicationtypes/changepatientapplicationtype;/settings/tablemaintenance/patientapplicationtypes/changepatientapplicationtype/{EditItemId}	PatientApplicationTypePage.razor;PatientApplicationTypeSummaryPage.razor	App/PatientApplicationTypeCommandHandler.cs;Core/ChangePatientApplicationTypeCommandHandler.cs	App/PatientApplicationTypeQueryHandler.cs;Core/PatientApplicationTypeModelQueryHandler.cs	Shared/ChangePatientApplicationTypeCommandValidator.cs	CanAccessBenefitsTableMaintenance	AGZMGR	BMW.PATIENT_APPLICATION_TYPES		11
Benefits	PriorAuthorizations	/patient/priorauthorization/changepriorauth/{PatientId};/patient/priorauthorization/changepriorauth/{PatientId}/{CaseId?}	PriorAuthorizationPage.razor	App/ChangePriorAuthorizationCommandHandler.cs;Core/ChangeAdditionalDaysVisitsCommandHandler.cs;Core/ChangeAuthorizaingContactCommandHandler.cs;Core/ChangePriorAuthorizationCommandHandler.cs;Core/RemoveAdditionalVisitsCommandHandler.cs;Core/RemoveAuthorizaingContactCommandHandler.cs;Core/RemovePriorAuthorizationCommandHandler.cs	App/PriorAuthorizationSummaryQueryHandler.cs;Core/PriorAuthorizationQueryHandler.cs;Core/PriorAuthorizationSummaryQueryHandler.cs	Core/ChangePriorAuthorizationCommandAsyncValidator.cs;Shared/ChangePriorAuthorizationCommandValidator.cs			BMW.ADDITIONAL_DAYS_AUTHORIZED_9000046_11C9000046_1201;BMW.AUTHORIZATION_CONTACTS_9000046_11C9000046_1101;BMW.ENCOUNTER_DATE_9000046C9000046_11;BMW.PRIOR_AUTHORIZATIONS;BMW_BSF_VW.AG_PRIOR_AUTHORIZATIONS_VIEW	BMW_BSF_SP.CoreUtility_GetWPData	24
Benefits	Private	/patient/benefits/private-add/{PatientId}/{InsurerId};/patient/benefits/private-edit/{PatientId}/{InsuranceId}/{Id}	PrivateAddPage.razor;PrivateEditPage.razor	App/ChangePrivateCommandHandler.cs;Core/ChangePolicyHandlerCommandHandler.cs;Core/ChangePolicyMemberCommandHandler.cs;Core/ChangePrivateInsuranceCommandHandler.cs;Core/RemovePolicyMemberCommandHandler.cs	App/PrivateQueryHandler.cs;Core/PrivateInsuranceQueryHandler.cs	Core/ChangePrivateInsuranceCommandAsyncValidator.cs;Shared/ChangePolicyMemberCommandValidator.cs;Shared/ChangePrivateCommandValidator.cs			BMW.COVERAGE_TYPE;BMW.INSURER_9000006C9000006_11;BMW.POLICY_HOLDER;BMW.PRIVATE_INSURANCE_ELIGIBLE		19
Benefits	Railroad	/patient/benefits/railroad/{PatientId}	RailroadPage.razor	App/RailroadCommandHandler.cs;Core/ChangeRailroadCommandHandler.cs;Core/ChangeRailroadEligibilityCommandHandler.cs;Core/RemoveRailroadEligibilityCommandHandler.cs	App/RailroadQueryHandler.cs;Core/RailroadQueryHandler.cs	Core/ChangeRailroadCommandAsyncValidator.cs;Shared/ChangeRailroadCommandValidator.cs			BMW.ADVANCE_BENEFICIARY_NOTICE_9000003C9000003_13;BMW.ELIGIBILITY_9000005C9000005_11;BMW.PATIENT;BMW.RAILROAD_ELIGIBLE;BMW.VA_PATIENT	BMW_BSF_SP.AG_GetPatientMBIM;BMW_BSF_SP.AG_SetPatientMBIQ	17
Benefits	ReferenceData								BMW.MEDICARE_ELIGIBLE_SOC_QMBSLMB;BMW.MEDICARE_SUFFIX;BMW.RAILROAD_ELIGIBLE_SOC_QMBSLMB;BMW.RAILROAD_PREFIX		14
Benefits	Sequencing	/patient/benefits/sequencing/{PatientId}/{Category}	CreateSequencingPage.razor	App/SequencingCommandHandler.cs;Core/ChangeSequencingCommandHandler.cs	App/InsuranceSequenceQueryHandler.cs	Shared/ChangeSequencingCommandValidator.cs				BMW_BSF_SP.AG_PatientInsuranceRemoveCategorySequenceQ;BMW_BSF_SP.AG_SetPatientInsuranceCategorySequenceBulkQ	10
Benefits	TPLiability	/patient/benefits/tpl-add/{PatientId}/{InsurerId};/patient/benefits/tpl/{PatientId}/{InsurerId}	TPLiabilityAddPage.razor;TPLiabilityEditPage.razor	App/TPLiabilityCommandHandler.cs;Core/ChangeTPLiabilityCommandHandler.cs	App/TPLiabilityQueryHandler.cs;Core/TPLiabilityQueryHandler.cs	Core/ChangeTPLInjuryDateCommandAsyncValidator.cs;Shared/ChangeTPLiabilityCommandValidator.cs			BMW.DATE_OF_INJURY_9000041C9000041_0101;BMW.THIRD_PARTY_LIABILITY		12
Benefits	Workman	/patient/benefits/workman-add/{PatientId}/{InsurerId}/;/patient/benefits/workman/{PatientId}/{InsurerId}	WorkmanAddPage.razor;WorkmanEditPage.razor	App/WorkmanCommandHandler.cs;Core/ChangeWorkmanCommandHandler.cs	App/WorkmanQueryHandler.cs;Core/WorkmanQueryHandler.cs	Core/ChangeWCInjuryDateCommandAsyncValidator.cs;Shared/ChangeWorkmanCommandValidator.cs			BMW.COVERAGE_TYPE;BMW.DATE_OF_WC_INJURY_9000042C9000042_11;BMW.INSURER;BMW.PATIENT;BMW.WORKMANS_COMPENSATION		13
Common	(root)					Shared/Validator.cs				BMW_BSF_SP.CoreUtility_GetLastId;BMW_BSF_SP.CoreUtility_GetNextId;BMW_BSF_SP.Core_SetWordProcessingQ	155
Common	About	/about	AboutPage.razor		App/AboutServerQueryHandler.cs;Core/AboutServerQueryHandler.cs					BMW_BSF_SP.Core_GetDatabaseTimeQ	4
Common	Authentication	/authentication/authorize;/authentication/login;/authentication/logout;/authentication/modify-verify;/authentication/modify-verify/{Tenant}	Authorize.razor;Login.razor;Logout.razor;ModifyVerifyCode.razor	App/ChangeVerifyCodeCommandHandler.cs;Core/ChangeVerifyCodeCommandHandler.cs		Shared/ChangeVerifyCodeCommandValidator.cs;Shared/LoginCommandValidator.cs				BMW_BSF_SP.Core_AuthenticateUserV2Q;BMW_BSF_SP.Core_SetVerifyCodeQ	18
Common	Browser										1
Common	Components										1
Common	DataTableExportModel										1
Common	Device								BMW.DEVICE		2
Common	Employer										1
Common	EmployerSearch										1
Common	EmploymentStatus										1
Common	Facility								BMW.LOCATION		1
Common	FacilitySelection										2
Common	Institution								BMW.INSTITUTION;BMW.LOCATION;BMW.MEDICAL_CENTER_DIVISION		2
Common	MedicalCenterDivision								BMW.MEDICAL_CENTER_DIVISION		1
Common	MiniRegistration			App/QuickRegisterPatientCommandHandler.cs;Core/ChangeSSNCommandHandler.cs;Core/QuickRegisterPatientCommandHandler.cs		Core/ChangeSSNCommandAsyncValidator.cs;Core/QuickRegisterPatientCommandAsyncValidator.cs;Shared/QuickRegisterCommandValidator.cs			BMW.HEALTH_RECORD_NO__9000001C9000001_41;BMW.PATIENT;BMW.VA_PATIENT	BMW_BSF_SP.AG_PatientRegisterEventQ;BMW_BSF_SP.AG_SetPatientTempHRNQ	11
Common	ModuleNav										1
Common	Name										1
Common	Patient				App/PatientQueryHandler.cs;Core/PatientQueryHandler.cs				BMW.PATIENT;BMW.VA_PATIENT		2
Common	PatientSearch				Core/PatientSearchQueryHandler.cs					BMW_BSF_SP.AG_GetPatientSearchResultQ	4
Common	PatientSearchModel				App/PatientSearchModelQueryHandler.cs						1
Common	Person								BMW.NEW_PERSON		2
Common	Provider								BMW.NEW_PERSON		2
Common	ReferenceData								BMW.COVERAGE_TYPE;BMW.INSURER_SOC_STATUS;BMW.INSURER_TYPE		6
Common	Relationship								BMW.RELATIONSHIP_9999999_36		2
Common	Reports			App/PrintReportCommandHandler.cs;Core/PrintReportCommandHandler.cs	App/DeviceQueryHandler.cs;Core/DeviceQueryHandler.cs				BMW.DEVICE	BMW_BSF_SP.Core_PrintReport	11
Common	SelectPatientInEhr			App/SelectPatientInEhrCommandHandler.cs;Core/SelectPatientInEhrCommandHandler.cs						BMW_BSF_SP.Core_SetRemotePatientContextQ	3
Common	SensitivePatientTracking				App/SensitivePatientQueryHandler.cs					BMW_BSF_SP.AG_CheckSPTAccessQ;BMW_BSF_SP.AG_SetSPTAccessQ	4
Common	Settings	/settings/tablemaintenance	TableMaintenancePage.razor								6
Common	Shared										1
Common	Signals										1
Common	State								BMW.STATE		1
Common	StateManagement										1
Common	TableMaintenance										1
Common	Template										1
Common	Tenancy										1
Common	User								BMW.DIVISION_200C200_02;BMW.KERNEL_SYSTEM_PARAMETERS;BMW.KEYS_200C200_051;BMW.NEW_PERSON;BMW.SECONDARY_MENU_OPTIONS_200C200_03	BMW_BSF_SP.Core_AuthenticateUserV2Q	1
Common	UserManagement										1
Common	ZipCode								BMW.ZIP_CODE		1
PatientProfile	(root)										27
PatientProfile	Address	/patient/profile/address/{PatientId}	AddressPage.razor	Core/ChangeAddressCommandHandler.cs;Core/ChangeAddressEmailInternetCommandHandler.cs	App/AddressHistoryQueryHandler.cs;Core/AddressHistoryQueryHandler.cs	Core/ChangeAdditionalAddressCommandAsyncValidator.cs;Shared/ChangeAddressCommandValidator.cs;Shared/ChangeAddressEmailInternetCommandValidator.cs			BMW.INTERNET_ACCESS_METHOD_9000001_81C9000001_811;BMW.INTERNET_ACCESS_QUESTION_DATE_9000001C9000001_81;BMW.PATIENT;BMW.PREVIOUS_COMMUNITY_9000001C9000001_51;BMW.PREVIOUS_EMAIL_ADDRESSES_9000001C9000001_82;BMW.PREVIOUS_MAIL_ADDRESSES_9000001C9000001_83;BMW.VA_PATIENT;BMW_BSF_VW.LOCATION_OF_HOME_9000001C9000001_12	BMW_BSF_SP.AG_SetPatientCellNumberQ;BMW_BSF_SP.Core_SetWordProcessingQ	17
PatientProfile	AddressHistory	/patient/profile/address-history/{PatientId}/{HistoryId}	AddressHIstoryPage.razor	App/AddressHistoryCommandHandler.cs;Core/ChangeAddressHistoryCommandHandler.cs	App/PatientAddressHistoryQueryHandler.cs;Core/AddressHistoryModelQueryHandler.cs	Shared/ChangeAddressHistoryCommandValidator.cs			BMW.PREVIOUS_MAIL_ADDRESSES_9000001C9000001_83		12
PatientProfile	AddressVerification										3
PatientProfile	AdvanceDirective	/patient/profile/advance-directive/{PatientId}/{DirectiveId}	AdvanceDirectivePage.razor	App/AdvanceDirectiveCommandHandler.cs;App/RemoveAdvanceDirectiveCommandHandler.cs;Core/ChangeAdvanceDirectiveCommandHandler.cs;Core/RemoveAdvanceDirectiveCommandHandler.cs		Core/ChangeAdvanceDirectiveCommandAsyncValidator.cs;Shared/ChangeAdvanceDirectiveCommandValidator.cs			BMW.DATE_OF_ENTRY_9000040C9000040_11		13
PatientProfile	AobRoi	/patient/profile/aob/{PatientId};/patient/profile/roi/{PatientId}	AobPage.razor;RoiPage.razor	App/AobRoiCommandHandler.cs;Core/ChangeAobCommandHandler.cs;Core/ChangeRoiCommandHandler.cs	App/AobRoiQueryHandler.cs;Core/AobRoiQueryHandler.cs	Shared/ChangeAobRoiCommandValidator.cs			BMW.ASSIGN_BENEFITS_OBTAINED_DATE_9000001C9000001_71;BMW.RELEASE_OF_INFORMATION_9000001C9000001_03601;BMW.VA_PATIENT		16
PatientProfile	Consent	/patient/profile/consent/{PatientId}	ConsentPage.razor	App/ConsentCommandHandler.cs;Core/ChangeConsentCommandHandler.cs	App/ConsentQueryHandler.cs	Shared/ChangeConsentCommandValidator.cs			BMW.LOCATION;BMW.SUD_CONSENT_9000001C9000001_03701		11
PatientProfile	Contacts	/patient/profile/contacts/{PatientId}	ContactsPage.razor	App/ContactsCommandHandler.cs;Core/ChangeContactsCommandHandler.cs;Core/ChangeEmergencyContactCommandHandler.cs;Core/ChangeNextOfKinCommandHandler.cs		Shared/ChangeContactsCommandValidator.cs;Shared/ChangeEmergencyContactValidator.cs;Shared/ChangeNextOfKinCommandValidator.cs			BMW.PATIENT;BMW.VA_PATIENT		15
PatientProfile	DeathInfo	/patient/profile/death-info/{PatientId}	DeathInfoPage.razor	App/ClearDeathInfoCommandHandler.cs;App/DeathInfoCommandHandler.cs;Core/ChangeDeathInfoCommandHandler.cs		Shared/ChangeDeathInfoCommandValidator.cs	CanEditDeathInfo	AGZMGR		BMW_BSF_SP.AG_SetPatientDateOfDeathQ	10
PatientProfile	Demographics			Core/ChangeDemographicsCommandHandler.cs	App/DemographicsQueryHandler.cs;Core/DemographicsQueryHandler.cs	Core/ChangeSSNCommandAsyncValidator.cs;Shared/ChangeDemographicsCommandValidator.cs			BMW.ALIAS_2C2_01;BMW.ELIGIBILITY_MODIFIERS_9000001C9000001_03401;BMW.ETHNICITY_INFORMATION_2C2_06;BMW.GENDER_IDENTITY_9000001C9000001_9401;BMW.GENDER_IDENTITY_9000001_9401C9000001_94011;BMW.HEALTH_RECORD_NO__9000001C9000001_41;BMW.HOMELESS_STATUS_QUESTION_DATE_9000001C9000001_85;BMW.INDUSTRYOCCUPATION_9000001C9000001_5201;BMW.INDUSTRYOCCUPATION_9000001_5201C9000001_52011;BMW.INTERNET_ACCESS_METHOD_9000001_81C9000001_811;BMW.INTERNET_ACCESS_QUESTION_DATE_9000001C9000001_81;BMW.LANGUAGES_ENTRY_DATE_9000001C9000001_86;BMW.LEGAL_SEX_9000001C9000001_9201;BMW.MIGRANT_WORKER_QUESTION_DATE_9000001C9000001_84;BMW.OTHER_LANGUAGE_SPOKEN_9000001_86C9000001_8605;BMW.OTHER_TRIBE_9000001C9000001_43;BMW.PATIENT;BMW.PREVIOUS_MAIL_ADDRESSES_9000001C9000001_83;BMW.PRF_ASSIGNMENT;BMW.PRF_ASSIGNMENT_HISTORY;BMW.RACE_INFORMATION_2C2_02;BMW.SEXUAL_ORIENTATION_9000001C9000001_9301;BMW.SEXUAL_ORIENTATION_9000001_9301C9000001_93011;BMW.VA_PATIENT;BMW.V_HOSPITALIZATION	BMW_BSF_SP.CoreUtility_GetWPData;BMW_BSF_SP.CoreUtility_GetWPDataLines	19
PatientProfile	Documents				App/DocumentsQueryHandler.cs;Core/DocumentsQueryHandler.cs				BMW.ASSIGN_BENEFITS_OBTAINED_DATE_9000001C9000001_71;BMW.DATE_OF_ENTRY_9000040C9000040_11;BMW.NOTICE_OF_PRIVACY_PRACTICES;BMW.PATIENT;BMW.PATIENTS_LEGAL_DOCS;BMW.PATIENT_NAME_CHANGES;BMW.PHR_ACCESS_DATE_9000001C9000001_8801;BMW.PHR_HANDOUT_DATE_9000001C9000001_8901;BMW.RELEASE_OF_INFORMATION_9000001C9000001_03601;BMW.RESTRICTED_HEALTH_INFORMATION;BMW.SUD_CONSENT_9000001C9000001_03701;BMW.VA_PATIENT		5
PatientProfile	EligMods	/settings/tablemaintenance/eligibilitymodifiers;/settings/tablemaintenance/eligibilitymodifiers/changeeligibilitymodifier;/settings/tablemaintenance/eligibilitymodifiers/changeeligibilitymodifier/{EditItemId}	EligibilityModifierPage.razor;EligibilityModifierSummaryPage.razor	App/EligibilityModifierCommandHandler.cs	App/EligibilityModifierSummaryQueryHandler.cs		CanAccessRegistrationTableMaintenance	AGZMGR			5
PatientProfile	EligibilityModifiers			Core/ChangeEligibilityModifierCommandHandler.cs	Core/EligibilityModifierModelQueryHandler.cs	Shared/ChangeEligibilityModifierCommandValidator.cs			BMW.ELIGIBILITY_MODIFIERS		6
PatientProfile	Facesheet			App/PrintFacesheetCommandHandler.cs	Core/FaceSheetQueryHandler.cs					BMW_BSF_SP.Core_PrintReport	3
PatientProfile	FamilyInfo	/patient/profile/family-info/{PatientId}	FamilyInfoPage.razor	App/FamilyInfoCommandHandler.cs;Core/ChangeFamilyInfoCommandHandler.cs		Shared/ChangeFamilyInfoCommandValidator.cs			BMW.PATIENT;BMW.VA_PATIENT		9
PatientProfile	HealthRecordNumber			Core/ChangeHealthRecordNumberCommandHandler.cs		Core/ChangeHealthRecordNumberCommandAsyncValidator.cs;Shared/ChangeHealthRecordNumberCommandValidator.cs			BMW.HEALTH_RECORD_NO__9000001C9000001_41		5
PatientProfile	Hrn	/patient/profile/hrn/{PatientId};/patient/profile/register-hrn/{PatientId}	HealthRecordNumberPage.razor;RegisterHealthRecordNumberPage.razor	App/HealthRecordNumberCommandHandler.cs			CanEditHRN;CanRegisterPatient	!AGZVIEWONLY;AGZMENU;AGZMGR			5
PatientProfile	Languages			Core/ChangeLanguagesCommandHandler.cs		Shared/ChangeLanguagesCommandValidator.cs			BMW.LANGUAGES;BMW.LANGUAGES_ENTRY_DATE_9000001C9000001_86;BMW.OTHER_LANGUAGE_SPOKEN_9000001_86C9000001_8605		7
PatientProfile	LegalDocuments	/patient/profile/legal-document/{PatientId}/{DocumentId}	LegalDocumentPage.razor	App/LegalDocumentCommandHandler.cs;App/RemoveLegalDocumentCommandHandler.cs;Core/ChangeLegalDocumentCommandHandler.cs;Core/RemoveLegalDocumentCommandHandler.cs		Shared/ChangeLegalDocumentCommandValidator.cs			BMW.PATIENTS_LEGAL_DOCS		12
PatientProfile	MigrantHomeless			Core/ChangeMigrantHomelessCommandHandler.cs		Shared/ChangeMigrantHomelessCommandValidator.cs			BMW.HOMELESS_STATUS_QUESTION_DATE_9000001C9000001_85;BMW.MIGRANT_WORKER_QUESTION_DATE_9000001C9000001_84		7
PatientProfile	Names	/patient/profile/legal-name/{PatientId}/{LegalNameId?};/patient/profile/names/{PatientId}	LegalNamePage.razor;NamesPage.razor	App/NamesCommandHandler.cs;Core/ChangeLegalNameCommandHandler.cs;Core/ChangeNamesCommandHandler.cs;Core/ChangeOtherNamesCommandHandler.cs	App/LegalNameQueryHandler.cs;Core/LegalNameQueryHandler.cs	Shared/ChangeLegalNameCommandValidator.cs;Shared/ChangeNamesCommandValidator.cs;Shared/ChangeOtherNamesCommandValidator.cs	CanChangeName	AGZMGR	BMW.ALIAS_2C2_01;BMW.PATIENT;BMW.PATIENT_NAME_CHANGES	BMW_BSF_SP.AG_SetCorrectPatientNameQ	20
PatientProfile	Notes	/patient/profile/notes/{PatientId}	NotesPage.razor	App/NotesCommandHandler.cs;Core/ChangeNotesCommandHandler.cs	App/NotesQueryHandler.cs;Core/NotesQueryHandler.cs					BMW_BSF_SP.CoreUtility_GetWPData;BMW_BSF_SP.Core_SetWordProcessingQ	10
PatientProfile	NoticeOfPrivacyPractices			Core/ChangeNoticeOfPrivacyPracticesCommandHandler.cs		Shared/ChangeNoticeOfPrivacyPracticesCommandValidator.cs			BMW.NOTICE_OF_PRIVACY_PRACTICES		5
PatientProfile	Npp	/patient/profile/notice-of-privacy-practices/{PatientId}	NoticeOfPrivacyPracticesPage.razor	App/NoticeOfPrivacyPracticesCommandHandler.cs							4
PatientProfile	PersonalDetail	/patient/profile/personal-detail/{PatientId}	PersonalDetailPage.razor	App/ChangePersonalDetailCommandHandler.cs;Core/ChangePersonalDetailCommandHandler.cs		Core/ChangePersonalDetailCommandAsyncValidator.cs;Shared/ChangePersonalDetailCommandValidator.cs	CanViewSSN	AGZVIEWSSN			6
PatientProfile	PhrAccess	/patient/profile/phr-access/{PatientId}	PhrPage.razor	App/PhrCommandHandler.cs;Core/ChangePhrAccessCommandHandler.cs;Core/ChangePhrCommandHandler.cs;Core/ChangePhrHandoutCommandHandler.cs	App/PhrQueryHandler.cs	Shared/ChangePhrAccessCommandValidator.cs			BMW.PHR_ACCESS_DATE_9000001C9000001_8801;BMW.PHR_HANDOUT_DATE_9000001C9000001_8901		15
PatientProfile	PrfLocalFlag					Shared/ChangPrfLocalFlagCommandValidator.cs					3
PatientProfile	PrfLocalFlags	/settings/tablemaintenance/prflocalflags;/settings/tablemaintenance/prflocalflags/changeprflocalflag;/settings/tablemaintenance/prflocalflags/changeprflocalflag/{EditItemId}	PrfLocalFlagPage.razor;PrfLocalFlagSummaryPage.razor	App/PrfLocalFlagCommandHandler.cs;Core/ChangePrfLocalFlagCommandHandler.cs	App/PrfLocalFlagSummaryQueryHandler.cs;Core/PrfLocalFlagModelQueryHandler.cs		CanAccessLocalFlagsTableMaintenance	DGPF MANAGER	BMW.ELIGIBILITY_MODIFIERS;BMW.PRF_LOCAL_FLAG;BMW.PRF_LOCAL_FLAG_HISTORY	BMW_BSF_SP.Core_SetWordProcessingQ	8
PatientProfile	Profile										2
PatientProfile	RecordFlags	/patient/profile/changerecordflag/{PatientId}/{RecordFlagId}/{CanAssignRecordFlag:bool};/patient/profile/record-flag/{PatientId}/	RecordFlagAddPage.razor;RecordFlagEditPage.razor	App/AddRecordFlagCommandHandler.cs;App/ChangeRecordFlagCommandHandler.cs;Core/AddRecordFlagCommandHandler.cs;Core/ChangeRecordFlagCommandHandler .cs	App/RecordFlagQueryHandler.cs;Core/RecordFlagQueryHandler.cs	Core/AddRecordFlagCommandAsyncValidator.cs;Shared/AddRecordFlagCommandValidator.cs	CanAccessPatientProfile;CanAssignRecordFlag	AGZMENU;AGZMGR;AGZVIEWONLY;DGPF ASSIGNMENT	BMW.PRF_ASSIGNMENT;BMW.PRF_ASSIGNMENT_HISTORY;BMW.PRF_LOCAL_FLAG;BMW.PRF_NATIONAL_FLAG	BMW_BSF_SP.CoreUtility_GetWPData;BMW_BSF_SP.Core_SetWordProcessingQ	18
PatientProfile	RefereceData										3
PatientProfile	ReferenceData								BMW.BENEFICIARY;BMW.BRANCH_OF_SERVICE;BMW.COMMUNITY;BMW.ETHNICITY;BMW.GENDER_IDENTITY;BMW.MARITAL_STATUS;BMW.PATIENT_INDUSTRY;BMW.PATIENT_OCCUPATION;BMW.PATIENT_RECORD_DISPOSITION;BMW.PATIENT_RESIDENCE;BMW.PRF_TYPE;BMW.PRONOUNS;BMW.RACE;BMW.RACE_AND_ETHNICITY_COLLECTION_METHOD;BMW.RELIGION;BMW.RESTRICTED_HEALTH_INFORMATION_SOC_STATUS_CODE;BMW.SEXUAL_ORIENTATION;BMW.TRIBE		14
PatientProfile	RegisterPatient	/patient/profile/register-patient	RegisterPatientPage.razor	App/RegisterPatientCommandHandler.cs;Core/RegisterPatientCommandHandler.cs	App/DuplicatePatientSearchQueryHandler.cs	Core/RegisterPatientCommandAsyncValidator.cs;Shared/RegisterPatientCommandValidator.cs	CanEditPatients	AGZMENU;AGZMGR;XUPROG;XUPROGMODE	BMW.HEALTH_RECORD_NO__9000001C9000001_41;BMW.PATIENT;BMW.VA_PATIENT	BMW_BSF_SP.AG_GetPatientSearchResultQ;BMW_BSF_SP.AG_PatientRegisterEventQ	11
PatientProfile	Reports										1
PatientProfile	RestrictedHealthInfo			Core/ChangeRestrictedHealthInformationCommandHandler.cs		Shared/ChangeRestrictedHealthInformationCommandValidator.cs			BMW.RESTRICTED_HEALTH_INFORMATION		5
PatientProfile	Rhi	/patient/profile/restricted-health-information/{PatientId}	RestrictedHealthInformationPage.razor	App/RestrictedHealthInformationCommandHandler.cs							4
PatientProfile	Sogi	/patient/profile/sogi/{PatientId}	SogiPage.razor	App/SogiCommandHandler.cs;Core/ChangeGenderIdentityCommandHandler.cs;Core/ChangeLegalSexCommandHandler.cs;Core/ChangePronounsCommandHandler.cs;Core/ChangeSogiCommandHandler.cs		Shared/ChangeSogiCommandValidator.cs			BMW.GENDER_IDENTITY_9000001C9000001_9401;BMW.GENDER_IDENTITY_9000001_9401C9000001_94011;BMW.LEGAL_SEX_9000001C9000001_9201;BMW.PATIENT;BMW.SEXUAL_ORIENTATION_9000001C9000001_9301;BMW.SEXUAL_ORIENTATION_9000001_9301C9000001_93011		14
PatientProfile	TribalInfo	/patient/profile/tribal-info/{PatientId}	TribalInfoPage.razor	App/TribalInfoCommandHandler.cs;Core/ChangeTribalInfoCommandHandler.cs		Shared/ChangeTribalInfoCommandValidator.cs			BMW.ELIGIBILITY_MODIFIERS_9000001C9000001_03401;BMW.OTHER_TRIBE_9000001C9000001_43;BMW.PATIENT		10
PatientProfile	VeteranStatus	/patient/profile/veteran-status/{PatientId}	VeteranStatusPage.razor	App/ChangeVeteranStatusCommandHandler.cs;Core/ChangeVeteranStatusCommandHandler.cs		Shared/ChangeVeteranStatusCommandValidator.cs				BMW_BSF_SP.AG_SetPatientVeteranStatusQ	9
PatientWorkspace	(root)										14
PatientWorkspace	ErrorAndWarnings				App/ErrorAndWarningsQueryHandler.cs;Core/ErrorAndWarningQueryHandler.cs					BMW_BSF_SP.AG_GetPatientErrorsAndWarnings	7
PatientWorkspace	Facesheet										1
PatientWorkspace	Layout	/patient/{Section}/{SubSection?}	WorkspacePage.razor				CanAccessPatientProfile;CanViewPatientProfile	AGZMENU;AGZMGR;AGZVIEWONLY;SDZMENU;SDZSUP			2
PatientWorkspace	PatientBanner										2
PatientWorkspace	RegistrationParameters				App/RegistrationParametersQueryHandler.cs;Core/RegistrationParametersQueryHandler.cs				BMW.MANDATORY_FIELDS_SITE_9009061C9009061_11;BMW.REGISTRATION_PARAMETERS;BMW.REQUIRED_FIELD_NAME_9009061_11C9009061_1101		6
Reports	(root)	/reports;/reports/{ReportName}	ReportsPage.razor		Core/ReportDataQueryHandler.cs					BMW_BSF_SP.Core_PrintReport	14
Scheduling	(root)										18
Scheduling	AccessTypes	/settings/tablemaintenance/accessTypes/changeaccesstype;/settings/tablemaintenance/accesstypes;/settings/tablemaintenance/accesstypes/changeaccesstype/{EditItemId}	AccessTypePage.razor;AccessTypeSummaryPage.razor	App/AccessTypeCommandHandler.cs;Core/ChangeAccessTypeCommandHandler.cs	App/AccessTypeQueryHandler.cs;Core/AccessTypeModelQueryHandler.cs	Shared/ChangeAccessTypeCommandValidator.cs	CanAccessSchedulingTableMaintenance	SDZSUP	BMW.BSDX_ACCESS_TYPE		11
Scheduling	Appointments			Core/AppointmentLengthCommandHandler .cs;Core/CancellationCommandHandler.cs;Core/CheckInCommandHandler.cs;Core/CheckOutCommandHandler.cs;Core/NoShowCommandHandler.cs;Core/OtherInfoCommandHandler.cs;Core/OtherInfoRemarksCommandHandler.cs;Core/ReScheduleCommandHandler.cs;Core/RemarksCommandHandler.cs;Core/ScheduleCommandHandler.cs;Core/UndoCancelCommandHandler.cs;Core/UndoCheckInCommandHandler.cs;Core/UndoCheckOutCommandHandler.cs;Core/UndoNoSHowCommandHandler.cs;Core/WalkinCommandHandler.cs	Core/AppointmentQueryHandler.cs;Core/ClinicAppointmentsQueryHandler.cs	Core/NoShowCommandAsyncValidator.cs;Shared/CancelationCommandValidator.cs;Shared/CheckInCommandValidator.cs;Shared/CheckOutCommandValidator.cs;Shared/NoShowCommandValidator.cs;Shared/OtherInfoCommandValidator.cs;Shared/OtherInfoRemarksCommandValidator.cs;Shared/ReScheduleCommandValidator.cs;Shared/ScheduleCommandValidator.cs;Shared/UndoCancelCommandValidator.cs;Shared/UndoCheckInCommandValidator.cs;Shared/UndoCheckOutCommandValidator.cs;Shared/WalkinCommandValidator.cs			BMW.APPOINTMENT_2C2_98;BMW.CANCELLATION_REASONS;BMW.HEALTH_RECORD_NO__9000001C9000001_41;BMW.PATIENT_44_001C44_003;BMW.PRF_ASSIGNMENT;BMW_BSF_VW.AG_PATIENT_SEARCH_VIEW;BMW_BSF_VW.BSDX_APPOINTMENT_VIEW	BMW_BSF_SP.BSD_SetPatientAppointmentCancelQ;BMW_BSF_SP.BSD_SetPatientAppointmentCheckInV4Q;BMW_BSF_SP.BSD_SetPatientAppointmentUndoCheckInV4Q;BMW_BSF_SP.BSD_SetPatientAppointmentV4Q;BMW_BSF_SP.Core_GetDatabaseTimeQ	61
Scheduling	AppointmentsList	/scheduling/appointments-list	Page.razor				CanAccessScheduling;CanViewPatientProfile	AGZMENU;AGZMGR;AGZVIEWONLY;SDZMENU;SDZSUP			2
Scheduling	Clinics	/settings/clinics;/settings/clinics/addclinic;/settings/clinics/change-clinic-availabilities/{ResourceId};/settings/clinics/changeclinic/{EditItemId}	AddClinicPage.razor;ChangeClinicAvailibilityPage.razor;ChangeClinicPage.razor;ClinicsSummaryPage.razor	App/ClinicsCommandHandler.cs;Core/AddClinicCommandHandler.cs;Core/BlockResourceScheduleCommandHandler.cs;Core/ChangeClinicCommandHandler.cs;Core/ChangeClinicResourceBlockCommandHandler.cs;Core/RemoveResourceBlockCommandHandler.cs	App/ClinicsQueryHandler.cs;Core/AccessTypePoolQueryHandler.cs;Core/ClinicModelQueryHandler.cs;Core/ClinicResourceBlocksQueryHandler.cs;Core/ResourceAvailabilityQueryHandler.cs	Core/BlockResourceScheduleCommandAsyncValidator.cs;Core/ChangeClinicCommandAsyncValidator.cs;Shared/AddClinicCommandValidator.cs;Shared/ChangeClinicCommandValidator.cs;Shared/ConfigureAccessBlockCommandValidator.cs	CanAccessScheduling;CanAccessSchedulingTableMaintenance;IsSupervisor	SDZMENU;SDZSUP	BMW.BSDX_ACCESS_BLOCK;BMW.BSDX_RESOURCE;BMW.BSDX_RESOURCE_USER;BMW.CLINIC_SETUP_PARAMETERS;BMW.FACILITY_TREATING_SPECIALTY;BMW.HOSPITAL_LOCATION;BMW.MEDICAL_CENTER_DIVISION;BMW.PATIENT_9009017_1C9009017_11;BMW.PROVIDER_44C44_1;BMW.WAITING_LIST		41
Scheduling	Configuration										1
Scheduling	Holidays	/settings/tablemaintenance/holidays;/settings/tablemaintenance/holidays/addfederalholiday;/settings/tablemaintenance/holidays/changeholiday;/settings/tablemaintenance/holidays/changeholiday/{EditItemId}	FederalHolidayPage.razor;HolidayPage.razor;HolidaySummaryPage.razor	App/HolidayCommandHandler.cs;Core/ChangeHolidayCommandHandler.cs;Core/RemoveHolidayCommandHandler.cs	App/HolidayQueryHandler.cs;Core/HolidayModelQueryHandler.cs	Shared/ChangeHolidayCommandValidator.cs	CanAccessSchedulingTableMaintenance	SDZSUP	BMW.HOLIDAY		16
Scheduling	Letters	/settings/scheduling/letters;/settings/tablemaintenance/letters/addletter;/settings/tablemaintenance/letters/changeletter/{LetterId}	AddLetterPage.razor;ChangeLetterPage.razor;LettersSummaryPage.razor	Core/AddLetterCommandHandler.cs;Core/ChangeLetterCommandHandler.cs	App/LetterQueryHandler.cs;App/LettersQueryHandler.cs;Core/LetterQueryHandler.cs	Shared/AddLetterCommandValidator.cs;Shared/ChangeLetterCommandValidator.cs	CanAccessSchedulingTableMaintenance	SDZSUP	BMW.HEALTH_RECORD_NO__9000001C9000001_41;BMW.HOSPITAL_LOCATION;BMW.LETTER;BMW_BSF_VW.BSDX_APPOINTMENT_VIEW	BMW_BSF_SP.CoreUtility_GetWPData;BMW_BSF_SP.Core_SetWordProcessingQ	17
Scheduling	PatientAppointmentList										2
Scheduling	ReferenceData								BMW.BSDX_RESOURCE;BMW.CLINIC_STOP;BMW.HEALTH_SUMMARY_PWH_TYPE;BMW.MEDICAL_CENTER_DIVISION		6
Scheduling	Reports										1
Scheduling	ResourceAssignment	/scheduling/configuration	ResourceAssignmentPage.razor	Core/ResourceAssignmentCommandHandler.cs		Shared/ResourceAssignmentCommandValidator.cs	CanAccessScheduling;IsSupervisor	SDZMENU;SDZSUP	BMW.BSDX_RESOURCE;BMW.BSDX_RESOURCE_USER;BMW.MEDICAL_CENTER_DIVISION		4
Scheduling	ResourceGroups	/settings/tablemaintenance/resourcegroups;/settings/tablemaintenance/resourcegroups/changeresourcegroup;/settings/tablemaintenance/resourcegroups/changeresourcegroup/{EditItemId}	ResourceGroupPage.razor;ResourceGroupSummaryPage.razor	App/ResourceGroupCommandHandler.cs;Core/ChangeResourceGroupCommandHandler.cs	App/ResourceGroupQueryHandler.cs;Core/ResourceGroupModelQueryHandler.cs	Shared/ChangeResourceGroupCommandValidator.cs	CanAccessSchedulingTableMaintenance	SDZSUP	BMW.BSDX_RESOURCE_GROUP;BMW.RESOURCE_9002018_2C9002018_21		11
Scheduling	Scheduler	/scheduling/scheduler/{mode?}	SchedulerPage.razor		Core/MyClinicsQueryHandler.cs;Core/ResourceBlocksQueryHandler.cs;Core/UserConfigurationQueryHandler.cs		CanAccessScheduling;IsSupervisor	SDZMENU;SDZSUP	BMW.BSDX_ACCESS_BLOCK;BMW.BSDX_ACCESS_TYPE;BMW.BSDX_RESOURCE;BMW.BSDX_RESOURCE_USER;BMW.CLINIC_SETUP_PARAMETERS;BMW.DEVICE;BMW.HOLIDAY;BMW.HOSPITAL_LOCATION;BMW.MEDICAL_CENTER_DIVISION;BMW.PROVIDER_44C44_1;BMW.RESOURCE_9002018_2C9002018_21;BMW.WAITING_LIST	BMW_BSF_SP.CoreUtility_GetOdbcToFilemanDt;BMW_BSF_SP.CoreUtility_GetWPData	18
Scheduling	Signals										1
Scheduling	SlotSearch				Core/SlotSearchQueryHandler.cs				BMW.BSDX_RESOURCE;BMW.HOLIDAY;BMW.HOSPITAL_LOCATION		4
Scheduling	ToolBar										1
Scheduling	WaitingList	/scheduling/waitinglist	WaitingListSummaryPage.razor	Core/AddWaitingListCommandHandler.cs;Core/ChangeWaitingListCommandHandler.cs;Core/RemoveWaitingListCommandHandler.cs	App/WaitingListQueryHandler.cs;Core/WaitingListQueryHandler.cs;Core/WaitingListSummaryQueryHandler.cs	Shared/AddWaitingCommandValidator.cs;Shared/ChangeWaitingCommandValidator.cs;Shared/RemoveWaitingCommandValidator.cs	CanAccessScheduling	SDZMENU;SDZSUP	BMW.HEALTH_RECORD_NO__9000001C9000001_41;BMW.PATIENT_9009017_1C9009017_11;BMW.PRF_ASSIGNMENT;BMW.WAITING_LIST;BMW.WAITING_LIST_REASON;BMW_BSF_VW.AG_PATIENT_SEARCH_VIEW	BMW_BSF_SP.CoreUtility_GetWPData;BMW_BSF_SP.Core_SetWordProcessingQ	27
