# rpms-ux scenarios, from docs/product-cycle/STORIES.md at commit 7f076114c7126241b12c06f790a10bc93ea70442
# generated by bin/bprm_scenarios; regenerate after rpms-ux changes, do not edit
scenario	story	workflow	persona	title	given	when	then	retired
S-REG-01.1	S-REG-01	W01	front_desk_clerk	Find the patient before registering	a patient already registered at the facility	I search by last name and date of birth	the patient is listed with their health record number and I can open their registration	no
S-REG-01.2	S-REG-01	W01	front_desk_clerk	Find the patient before registering	no patient matches	I search	I am offered to add a new patient	no
S-REG-01.3	S-REG-01	W01	front_desk_clerk	Find the patient before registering	a patient whose chart at this facility is inactive or deleted	I search	the patient is listed with that chart status, so I do not mistake them for an active patient	no
S-REG-01.4	S-REG-01	W01	front_desk_clerk	Find the patient before registering	a deceased patient	I search	the patient is listed as deceased	no
S-REG-01.5	S-REG-01	W01	front_desk_clerk	Find the patient before registering	a patient registered at another facility and not at this one	I open their registration	I am asked for a health record number at this facility before anything else, and until one is filed in the HEALTH RECORD NO. multiple (#9000001.41) of IHS PATIENT (#9000001) the record cannot be edited here	no
S-REG-01.6	S-REG-01	W01	front_desk_clerk	Find the patient before registering	I have the patient open at the front desk	I send them to the EHR	the patient context for my user is set to this patient, so the EHR on my workstation opens on them	no
S-REG-02.1	S-REG-02	W01	front_desk_clerk	Register a new patient	no existing chart	I enter name, sex, date of birth, tribe of membership and community of residence and save	the patient exists in PATIENT (#2) and IHS PATIENT (#9000001) with a health record number for this facility	no
S-REG-02.2	S-REG-02	W01	front_desk_clerk	Register a new patient	a required field is missing	I save	the registration is refused and names the field	no
S-REG-02.3	S-REG-02	W01	front_desk_clerk	Register a new patient	a patient already on file with the same name, date of birth and sex	I enter the new patient's name, date of birth and sex	I am shown the possible matches, with their chart numbers, before anything is filed, and I can open one of them instead of registering	no
S-REG-02.4	S-REG-02	W01	front_desk_clerk	Register a new patient	a name that is not `LAST,FIRST MIDDLE`, or shorter than 3 or longer than 30 characters	I save	the registration is refused and names the format	no
S-REG-02.5	S-REG-02	W01	front_desk_clerk	Register a new patient	a date of birth in the future, or before 1871	I save	the registration is refused	no
S-REG-02.6	S-REG-02	W01	front_desk_clerk	Register a new patient	no social security number and no reason for having none	I save	the registration is refused and asks for the reason	no
S-REG-02.7	S-REG-02	W01	front_desk_clerk	Register a new patient	a social security number that is not nine digits	I save	the registration is refused and names the format	no
S-REG-02.8	S-REG-02	W01	front_desk_clerk	Register a new patient	a social security number already on another patient in PATIENT (#2)	I save	the registration is refused and nothing is filed	no
S-REG-02.9	S-REG-02	W01	front_desk_clerk	Register a new patient	a health record number already assigned to another patient at this facility, in any of its leading-zero or temporary forms	I save	the registration is refused and names the number	no
S-REG-02.10	S-REG-02	W01	front_desk_clerk	Register a new patient	a health record number that is not 1 to 6 characters in the chart-number format	I save	the registration is refused	no
S-REG-02.11	S-REG-02	W01	front_desk_clerk	Register a new patient	I have not said whether the patient received the notice of privacy practices, or whether they are a veteran	I save	the registration is refused and names what is missing	no
S-REG-02.12	S-REG-02	W01	front_desk_clerk	Register a new patient	this facility's REGISTRATION PARAMETERS (#9009061) make the street address, city, state or zip code mandatory	I save without one of them	the registration is refused and names the field	no
S-REG-02.13	S-REG-02	W01	front_desk_clerk	Register a new patient	no primary language, or no community of residence and date moved there	I save	the registration is refused and names the value	no
S-REG-02.14	S-REG-02	W01	front_desk_clerk	Register a new patient	a complete registration	I save	IHS PATIENT (#9000001) holds today as the date established and me as the establishing user and the user of the last update, and the patient's registration event is raised for the packages that listen for it	no
S-REG-02.15	S-REG-02	W01	front_desk_clerk	Register a new patient	I hold none of the keys that allow registering a patient (AGZMGR, AGZMENU, XUPROG, XUPROGMODE)	I open registration	I cannot add a patient	no
S-REG-03.1	S-REG-03	W01	front_desk_clerk	Record eligibility and insurance	a registered patient with Medicaid	I add the Medicaid number and eligibility dates	the eligibility shows on the patient and is in force on today's date	no
S-REG-03.2	S-REG-03	W01	front_desk_clerk	Record eligibility and insurance	eligibility that has lapsed	I check the patient in	I am warned before the visit is created	no
S-REG-04.1	S-REG-04	W01	front_desk_clerk	Open a sensitive patient's record	a patient whose record is marked sensitive	I open them and accept that I have a need to know	the record opens and DG SECURITY LOG (#38.1) holds my access to the patient with the date, my user and the registration option	no
S-REG-04.2	S-REG-04	W01	front_desk_clerk	Open a sensitive patient's record	a patient whose record is marked sensitive	I decline the warning	the record does not open and nothing is logged	no
S-REG-04.3	S-REG-04	W01	front_desk_clerk	Open a sensitive patient's record	a patient whose record is my own	I try to open it	I am refused and the record does not open	no
S-REG-04.4	S-REG-04	W01	front_desk_clerk	Open a sensitive patient's record	a patient I am restricted from, or my own user has no social security number on file	I try to open them	I am refused and told why, and the record does not open	no
S-REG-04.5	S-REG-04	W01	front_desk_clerk	Open a sensitive patient's record	a patient whose record is marked for a warning only	I open them	I am warned and the record opens without a log entry	no
S-REG-05.1	S-REG-05	W01	scheduler	Register a patient quickly from scheduling	a caller with no chart	I enter name, date of birth, sex and social security number and ask for a chart number to be generated	the patient exists in PATIENT (#2) and IHS PATIENT (#9000001) with me as the user who entered them, and the HEALTH RECORD NO. multiple (#9000001.41) holds a temporary number for this facility	no
S-REG-05.2	S-REG-05	W01	scheduler	Register a patient quickly from scheduling	a caller with no chart and a chart number I have been given	I enter it instead of asking for one	the HEALTH RECORD NO. multiple (#9000001.41) holds that number for this facility	no
S-REG-05.3	S-REG-05	W01	scheduler	Register a patient quickly from scheduling	a patient already on file with the same name, date of birth and sex	I enter the caller's details	I am shown the possible matches and can pick one to book instead of registering again	no
S-REG-05.4	S-REG-05	W01	scheduler	Register a patient quickly from scheduling	no social security number and no reason for having none, or a number already on another patient	I save	it is refused and nothing is filed	no
S-REG-05.5	S-REG-05	W01	scheduler	Register a patient quickly from scheduling	a chart number already assigned to another patient at this facility	I save	it is refused and names the number	no
S-REG-05.6	S-REG-05	W01	scheduler	Register a patient quickly from scheduling	I do not hold the scheduling registration key (SDZREGMENU)	I search and find no match	I am not offered to register the caller	no
S-REG-06.1	S-REG-06	W01	front_desk_clerk	Give a patient from another facility a chart here	a patient with a chart at another facility and none at this one	I add a health record number for this facility	the HEALTH RECORD NO. multiple (#9000001.41) of IHS PATIENT (#9000001) holds the number under this facility, and the other facility's number is unchanged	no
S-REG-06.2	S-REG-06	W01	front_desk_clerk	Give a patient from another facility a chart here	a patient who already has a chart at this facility	I try to add another	I am told they are already registered here and nothing is filed	no
S-REG-06.3	S-REG-06	W01	front_desk_clerk	Give a patient from another facility a chart here	a number already assigned to another patient at this facility, in any of its leading-zero or temporary forms	I save	it is refused and names the number	no
S-REG-06.4	S-REG-06	W01	front_desk_clerk	Give a patient from another facility a chart here	I hold the view-only key (AGZVIEWONLY) or not the registration key (AGZMENU)	I open a patient from another facility	I cannot add a chart number here	no
S-REG-07.1	S-REG-07	W01	front_desk_clerk	Record tribe, blood quantum and eligibility	a tribal member	I record eligibility status, classification, tribe of membership, Indian blood quantum, tribe quantum and enrollment number	IHS PATIENT (#9000001) holds those values	no
S-REG-07.2	S-REG-07	W01	front_desk_clerk	Record tribe, blood quantum and eligibility	a patient with a second tribe	I add it with its quantum	the OTHER TRIBE multiple of IHS PATIENT (#9000001) holds that tribe and quantum	no
S-REG-07.3	S-REG-07	W01	front_desk_clerk	Record tribe, blood quantum and eligibility	an eligibility status that needs reasons	I add each reason	the patient's ELIGIBILITY MODIFIERS multiple (#9000001.03401) holds one entry per reason, each pointing at ELIGIBILITY MODIFIERS (#9000030), and no reason twice	no
S-REG-07.4	S-REG-07	W01	front_desk_clerk	Record tribe, blood quantum and eligibility	a classification of Indian or Alaska Native	I save with an eligibility status of ineligible, or a tribe of NON-INDIAN	it is refused and says which value contradicts the other	no
S-REG-07.5	S-REG-07	W01	front_desk_clerk	Record tribe, blood quantum and eligibility	an eligibility status of ineligible, or a classification of non-Indian or other	I save with a tribe other than NON-INDIAN	it is refused and asks for NON-INDIAN	no
S-REG-07.6	S-REG-07	W01	front_desk_clerk	Record tribe, blood quantum and eligibility	a blood quantum that is not a fraction or one of FULL, NONE, UNKNOWN or UNSPECIFIED, or a fraction over 1	I save	it is refused and names the form	no
S-REG-07.7	S-REG-07	W01	front_desk_clerk	Record tribe, blood quantum and eligibility	a tribe of NON-INDIAN	I save a blood quantum other than NONE or UNKNOWN	it is refused; and given any other tribe, a quantum of NONE or UNKNOWN is refused	no
S-REG-07.8	S-REG-07	W01	front_desk_clerk	Record tribe, blood quantum and eligibility	a tribe quantum, or another tribe's quantum, greater than the Indian blood quantum	I save	it is refused	no
S-REG-07.9	S-REG-07	W01	front_desk_clerk	Record tribe, blood quantum and eligibility	another tribe that is the tribe of membership, or listed twice	I save	it is refused	no
S-REG-08.1	S-REG-08	W01	front_desk_clerk	Record the emergency contact and next of kin	a patient	I record an emergency contact's name, relationship, address and phones	PATIENT (#2) holds the emergency contact's name, address and phones and IHS PATIENT (#9000001) holds the relationship; the same holds for the next of kin	no
S-REG-08.2	S-REG-08	W01	front_desk_clerk	Record the emergency contact and next of kin	an emergency contact on file with an address and phones	I change the contact's name and save nothing else	the previous contact's address and phones are cleared, not carried over to the new person	no
S-REG-08.3	S-REG-08	W01	front_desk_clerk	Record the emergency contact and next of kin	a contact name that is not `LAST,FIRST MIDDLE,SUFFIX`, or shorter than 3 characters	I save	it is refused and names the format	no
S-REG-08.4	S-REG-08	W01	front_desk_clerk	Record the emergency contact and next of kin	a relationship, address or phone for a contact but no name	I save	it is refused and asks for the name	no
S-REG-09.1	S-REG-09	W01	front_desk_clerk	Record family and household information	a minor patient	I record the father's name, the mother's maiden name, their relationship, phones, employer, email and place of birth	PATIENT (#2) holds the two names and IHS PATIENT (#9000001) holds the rest	no
S-REG-09.2	S-REG-09	W01	front_desk_clerk	Record family and household information	a patient with a guardian who is not a parent	I record the guardian's name and relationship, and a second guardian if there is one	IHS PATIENT (#9000001) holds each guardian with their relationship and contact details	no
S-REG-09.3	S-REG-09	W01	front_desk_clerk	Record family and household information	a guardian's relationship but no name, or a name but no relationship	I save	it is refused and names what is missing	no
S-REG-09.4	S-REG-09	W01	front_desk_clerk	Record family and household information	a parent or guardian name that is not `LAST,FIRST MIDDLE,SUFFIX`	I save	it is refused and names the format	no
S-REG-09.5	S-REG-09	W01	front_desk_clerk	Record family and household information	a household size of 100 or more, or an income of 0 or of 10,000,000 or more	I save	it is refused	no
S-REG-09.6	S-REG-09	W01	front_desk_clerk	Record family and household information	this facility requires the household income	I save without the income or its period	it is refused and names the value	no
S-REG-10.1	S-REG-10	W01	front_desk_clerk	Record the patient's languages	a patient	I record their primary language, preferred language, English proficiency and other languages	the languages multiple of IHS PATIENT (#9000001) holds a new entry dated today with those values and one line per other language, and earlier entries are kept	no
S-REG-10.2	S-REG-10	W01	front_desk_clerk	Record the patient's languages	a primary or other language of English	I save without an English proficiency, or with a proficiency of not at all	it is refused	no
S-REG-10.3	S-REG-10	W01	front_desk_clerk	Record the patient's languages	a primary language other than English	I save without saying whether an interpreter is needed	it is refused and asks for it	no
S-REG-10.4	S-REG-10	W01	front_desk_clerk	Record the patient's languages	an other language that is the primary language, or listed twice	I save	it is refused	no
S-REG-10.5	S-REG-10	W01	front_desk_clerk	Record the patient's languages	a preferred language that is neither the primary language nor one of the other languages	I save	I am warned and may still save	no
S-REG-11.1	S-REG-11	W01	front_desk_clerk	Record migrant worker and homeless status	a patient who is homeless	I record that with the type	the homeless status multiple of IHS PATIENT (#9000001) holds a new entry dated today with the status and type, and earlier answers are kept	no
S-REG-11.2	S-REG-11	W01	front_desk_clerk	Record migrant worker and homeless status	a patient who is a migrant worker	I record that with the type	the migrant worker multiple of IHS PATIENT (#9000001) holds a new entry dated today with the status and type	no
S-REG-11.3	S-REG-11	W01	front_desk_clerk	Record migrant worker and homeless status	a status of homeless or migrant worker	I save without the type	it is refused and asks for the type	no
S-REG-11.4	S-REG-11	W01	front_desk_clerk	Record migrant worker and homeless status	a status of not homeless	I save with a type	the entry is filed without a type	no
S-REG-12.1	S-REG-12	W01	front_desk_clerk	Record the patient's preferred and other names	a patient	I record a preferred name	IHS PATIENT (#9000001) holds it and the patient is listed with it beside their legal name	no
S-REG-12.2	S-REG-12	W01	front_desk_clerk	Record the patient's preferred and other names	a patient who has used other names	I add each one	the OTHER NAME multiple (#2.01) of PATIENT (#2) holds each of them and a search by one of them lists the patient	no
S-REG-12.3	S-REG-12	W01	front_desk_clerk	Record the patient's preferred and other names	an other name that is not `LAST,FIRST MIDDLE`, or shorter than 3 or longer than 30 characters	I save	it is refused and names the format	no
S-REG-12.4	S-REG-12	W01	front_desk_clerk	Record the patient's preferred and other names	an other name entered in error	I remove it	the OTHER NAME multiple (#2.01) no longer holds it and the others are unchanged	no
S-REG-13.1	S-REG-13	W01	front_desk_clerk	Record legal sex, gender identity, sexual orientation and pronouns	a patient	I record a legal sex with its effective date and the document that is the source	the legal sex multiple of IHS PATIENT (#9000001) holds that entry with the date it was entered, and an earlier entry with another effective date is kept	no
S-REG-13.2	S-REG-13	W01	front_desk_clerk	Record legal sex, gender identity, sexual orientation and pronouns	two legal sex entries with the same effective date	I save	it is refused	no
S-REG-13.3	S-REG-13	W01	front_desk_clerk	Record legal sex, gender identity, sexual orientation and pronouns	a patient	I record one or more gender identities and sexual orientations	the gender identity and sexual orientation multiples of IHS PATIENT (#9000001) each hold today's entry with every choice, and an entry from an earlier date is kept	no
S-REG-13.4	S-REG-13	W01	front_desk_clerk	Record legal sex, gender identity, sexual orientation and pronouns	a gender identity, sexual orientation or pronoun of other	I save without saying what	it is refused	no
S-REG-13.5	S-REG-13	W01	front_desk_clerk	Record legal sex, gender identity, sexual orientation and pronouns	a patient	I record their pronouns	IHS PATIENT (#9000001) holds the pronouns and, for other, the text	no
S-REG-14.1	S-REG-14	W01	front_desk_clerk	Record veteran status	a veteran	I record the branch, entry and separation dates, service-connected status, Vietnam service and claim number	PATIENT (#2) holds those values and IHS PATIENT (#9000001) holds today as the date the veteran information was edited	no
S-REG-14.2	S-REG-14	W01	front_desk_clerk	Record veteran status	a veteran with a valid VA card	I record the date a copy was obtained	IHS PATIENT (#9000001) holds the card as valid with that date; and given no valid card, it holds whether they were told how to obtain one and no copy date	no
S-REG-14.3	S-REG-14	W01	front_desk_clerk	Record veteran status	a service entry date after the separation date, or either date in the future or before 1871	I save	it is refused	no
S-REG-14.4	S-REG-14	W01	front_desk_clerk	Record veteran status	a claim number that is not 7 or 8 digits	I save	it is refused and names the format	no
S-REG-15.1	S-REG-15	W01	front_desk_clerk	Record the papers the patient signs or receives at the window	a patient	I record that they received the notice of privacy practices on a date and signed the acknowledgement	NOTICE OF PRIVACY PRACTICES (#9000038) holds the patient with those answers, me and today's date	no
S-REG-15.2	S-REG-15	W01	front_desk_clerk	Record the papers the patient signs or receives at the window	a patient who received the notice but did not sign	I save without a reason	it is refused and asks for the reason; and given they did not receive it, no acknowledgement or reason is kept	no
S-REG-15.3	S-REG-15	W01	front_desk_clerk	Record the papers the patient signs or receives at the window	a patient	I record the date benefits were assigned	the ASSIGN BENEFITS OBTAINED DATE multiple (#9000001.71) of IHS PATIENT (#9000001) holds a new entry for that date, and a second entry for the same date is not added	no
S-REG-15.4	S-REG-15	W01	front_desk_clerk	Record the papers the patient signs or receives at the window	a patient	I record the date they signed the release of information	the RELEASE OF INFORMATION multiple (#9000001.03601) of IHS PATIENT (#9000001) holds an entry for that date	no
S-REG-15.5	S-REG-15	W01	front_desk_clerk	Record the papers the patient signs or receives at the window	an assignment or release date in the future	I save	it is refused	no
S-REG-15.6	S-REG-15	W01	front_desk_clerk	Record the papers the patient signs or receives at the window	this facility's REGISTRATION PARAMETERS (#9009061) make the release of information or the assignment of benefits mandatory	I save without one	it is refused and names it	no
S-REG-15.7	S-REG-15	W01	front_desk_clerk	Record the papers the patient signs or receives at the window	a patient	I record whether they were granted access to their personal health record on a date, and the date they were given the handout	the PHR access and PHR handout multiples of IHS PATIENT (#9000001) hold those entries, and a second entry for the same date is refused	no
S-REG-16.1	S-REG-16	W01	front_desk_clerk	Record consent to share records with other providers	an adult patient	I record their consent or refusal with the effective date and an expiration date	the sharing consent multiple of IHS PATIENT (#9000001) holds a new entry with those dates and this facility, and earlier entries are kept unchanged	no
S-REG-16.2	S-REG-16	W01	front_desk_clerk	Record consent to share records with other providers	an effective date in the future, more than five years ago, or before the patient's date of birth	I save	it is refused	no
S-REG-16.3	S-REG-16	W01	front_desk_clerk	Record consent to share records with other providers	an expiration date on or before the effective date	I save	it is refused	no
S-REG-16.4	S-REG-16	W01	front_desk_clerk	Record consent to share records with other providers	a patient under 18	I open their registration	no sharing consent can be recorded for them and none is counted as missing	no
S-REG-17.1	S-REG-17	W01	front_desk_clerk	Record advance directives	a patient with a living will	I record the directive with its type and date of entry	ADVANCE DIRECTIVE (#9000040) holds the patient and its date-of-entry multiple holds the directive with that type and date	no
S-REG-17.2	S-REG-17	W01	front_desk_clerk	Record advance directives	a patient with no directive	I record that with the reason	the date-of-entry multiple of ADVANCE DIRECTIVE (#9000040) holds the answer with the reason	no
S-REG-17.3	S-REG-17	W01	front_desk_clerk	Record advance directives	a directive of the same type already on file for that date	I save	it is refused	no
S-REG-17.4	S-REG-17	W01	front_desk_clerk	Record advance directives	a directive with no type, or no directive with no reason, or no date of entry	I save	it is refused and names the value	no
S-REG-17.5	S-REG-17	W01	front_desk_clerk	Record advance directives	a directive entered in error	I remove it	the date-of-entry multiple of ADVANCE DIRECTIVE (#9000040) no longer holds it	no
S-REG-18.1	S-REG-18	W01	front_desk_clerk	Record legal documents on file	a patient	I record a legal document with its type, document number, the date it was added to the file and its effective and end dates	PATIENT'S LEGAL DOCS (#9000034) holds it for the patient with me and today as the entry	no
S-REG-18.2	S-REG-18	W01	front_desk_clerk	Record legal documents on file	no document type or no date added to file	I save	it is refused and names the value	no
S-REG-18.3	S-REG-18	W01	front_desk_clerk	Record legal documents on file	an end date before the effective date	I save	it is refused	no
S-REG-18.4	S-REG-18	W01	front_desk_clerk	Record legal documents on file	a document on file	I correct its dates, or remove it	PATIENT'S LEGAL DOCS (#9000034) holds the corrected dates, or no longer holds it	no
S-REG-19.1	S-REG-19	W01	front_desk_clerk	Keep notes on the registration	a patient	I write notes and save	the notes word-processing field of IHS PATIENT (#9000001) holds the text, however long	no
S-REG-19.2	S-REG-19	W01	front_desk_clerk	Keep notes on the registration	notes on file	I clear them and save	IHS PATIENT (#9000001) holds no notes for the patient	no
S-REG-20.1	S-REG-20	W01	front_desk_clerk	Keep the patient's demographics current	a registered patient	I change their date of birth, sex, marital status, religion, place of birth, employer or employment status	PATIENT (#2) and IHS PATIENT (#9000001) hold the new values	no
S-REG-20.2	S-REG-20	W01	front_desk_clerk	Keep the patient's demographics current	a registered patient	I record one or more races and ethnicities with how each was collected	the RACE INFORMATION multiple (#2.02) and the ethnicity multiple of PATIENT (#2) hold one entry per race and ethnicity, each pointing at RACE (#10) or ETHNICITY (#10.2), with its collection method	no
S-REG-20.3	S-REG-20	W01	front_desk_clerk	Keep the patient's demographics current	no race or no ethnicity	I save	it is refused and names which	no
S-REG-20.4	S-REG-20	W01	front_desk_clerk	Keep the patient's demographics current	the same race or ethnicity listed twice, or unknown or declined together with another	I save	it is refused	no
S-REG-20.5	S-REG-20	W01	front_desk_clerk	Keep the patient's demographics current	an employer but no employment status	I save	it is refused and asks for the status	no
S-REG-20.6	S-REG-20	W01	front_desk_clerk	Keep the patient's demographics current	a registered patient	I record their industries and occupations	the industry and occupation multiple of IHS PATIENT (#9000001) holds today's entry with one line per pair, no industry twice, and each with both an industry and an occupation	no
S-REG-20.7	S-REG-20	W01	front_desk_clerk	Keep the patient's demographics current	a social security number already on another patient	I change the patient's number to it	it is refused and nothing is filed	no
S-REG-20.8	S-REG-20	W01	front_desk_clerk	Keep the patient's demographics current	I do not hold the key that shows social security numbers (AGZVIEWSSN)	I open the patient	the number is not shown to me	no
S-REG-20.9	S-REG-20	W01	front_desk_clerk	Keep the patient's demographics current	I hold only the view-only key (AGZVIEWONLY)	I open a patient	I can see the registration and change nothing	no
S-REG-21.1	S-REG-21	W01	front_desk_clerk	Keep the address, phones and email current	a patient with an address on file	I change the street address, city, state, zip code or home phone, with the date they moved	PATIENT (#2) holds the new address and the PREVIOUS MAIL ADDRESSES multiple (#9000001.83) of IHS PATIENT (#9000001) holds the old one, ended on the date they moved	no
S-REG-21.2	S-REG-21	W01	front_desk_clerk	Keep the address, phones and email current	a street address typed with abbreviations, or a post office box or rural route in any of its common forms	I save	I am shown the postal standard form and PATIENT (#2) holds the address in that form	no
S-REG-21.3	S-REG-21	W01	front_desk_clerk	Keep the address, phones and email current	this facility's REGISTRATION PARAMETERS (#9009061) make the street address, city, state or zip code mandatory	I save without one	it is refused and names the field	no
S-REG-21.4	S-REG-21	W01	front_desk_clerk	Keep the address, phones and email current	a zip code that is not 1 to 10 letters and digits, or a phone shorter than 4 digits	I save	it is refused and names the format	no
S-REG-21.5	S-REG-21	W01	front_desk_clerk	Keep the address, phones and email current	a patient	I change their cell phone, work phone, other phone, email, reminder preference or pharmacy residence	PATIENT (#2) holds the phones and IHS PATIENT (#9000001) holds the rest, and the PREVIOUS EMAIL ADDRESSES multiple (#9000001.82) holds the email that was replaced	no
S-REG-21.6	S-REG-21	W01	front_desk_clerk	Keep the address, phones and email current	an email address that is not in email form	I save	it is refused	no
S-REG-21.7	S-REG-21	W01	front_desk_clerk	Keep the address, phones and email current	a date lived from that is in the future, before 1871 or before the patient's date of birth	I save	it is refused	no
S-REG-22.1	S-REG-22	W01	front_desk_clerk	Record the community, directions to the home, internet access and the address history	a patient who has moved to another community	I record the community and the date moved	the PREVIOUS COMMUNITY multiple (#9000001.51) of IHS PATIENT (#9000001) holds the community under that date, and IHS PATIENT (#9000001) holds it as the current community when the date is on or after the current one	no
S-REG-22.2	S-REG-22	W01	front_desk_clerk	Record the community, directions to the home, internet access and the address history	a community that was inactive on the date moved	I save	it is refused	no
S-REG-22.3	S-REG-22	W01	front_desk_clerk	Record the community, directions to the home, internet access and the address history	a date moved in the future, before 1871, or before the patient's date of birth, or no community or date	I save	it is refused and names the value	no
S-REG-22.4	S-REG-22	W01	front_desk_clerk	Record the community, directions to the home, internet access and the address history	a patient whose home is hard to find	I write directions and save	the location-of-home word-processing field of IHS PATIENT (#9000001) holds them; and when I clear them, it holds none	no
S-REG-22.5	S-REG-22	W01	front_desk_clerk	Record the community, directions to the home, internet access and the address history	a patient	I record that they can use the internet and from where	the internet access multiple of IHS PATIENT (#9000001) holds today's answer with each place, and earlier answers are kept	no
S-REG-22.6	S-REG-22	W01	front_desk_clerk	Record the community, directions to the home, internet access and the address history	an answer that they can use the internet	I save without saying from where	it is refused	no
S-REG-22.7	S-REG-22	W01	front_desk_clerk	Record the community, directions to the home, internet access and the address history	a previous address on file	I correct its lines or the dates it was lived at	the PREVIOUS MAIL ADDRESSES multiple (#9000001.83) holds the corrected entry	no
S-REG-22.8	S-REG-22	W01	front_desk_clerk	Record the community, directions to the home, internet access and the address history	a date lived to before the date lived from, or either date in the future or before 1871	I save a previous address	it is refused	no
S-REG-23.1	S-REG-23	W01	front_desk_clerk	See what is missing or wrong on a patient's registration	a patient with no privacy notice on file, an address older than the facility allows, or coverage that has lapsed	I open their registration	each error and warning is listed against the section it belongs to, with errors counted apart from warnings	no
S-REG-23.2	S-REG-23	W01	front_desk_clerk	See what is missing or wrong on a patient's registration	an error listed for a missing item	I record the item	the error is no longer listed	no
S-REG-23.3	S-REG-23	W01	front_desk_clerk	See what is missing or wrong on a patient's registration	a patient under 18	I open their registration	a missing sharing consent is not listed against them	no
S-REG-24.1	S-REG-24	W01	front_desk_clerk	See every document on file and print the face sheet	a patient with a privacy notice, assignment of benefits, release of information, advance directive, legal document, sharing consent, personal health record access, name change and restricted health information on file	I open their documents	each is listed with its date, drawn from NOTICE OF PRIVACY PRACTICES (#9000038), the ASSIGN BENEFITS OBTAINED DATE (#9000001.71) and RELEASE OF INFORMATION (#9000001.03601) multiples, ADVANCE DIRECTIVE (#9000040), PATIENT'S LEGAL DOCS (#9000034), PATIENT NAME CHANGES (#9000033) and RESTRICTED HEALTH INFORMATION (#9000039)	no
S-REG-24.2	S-REG-24	W01	front_desk_clerk	See every document on file and print the face sheet	a patient	I print their face sheet, index card or wrist band	the printout carries the registration as filed in PATIENT (#2) and IHS PATIENT (#9000001) on that day, and nothing is stored	no
S-REG-25.1	S-REG-25	W01	registration_supervisor	Change or retire a chart number	a patient with a chart at this facility	I change the number	the HEALTH RECORD NO. multiple (#9000001.41) of IHS PATIENT (#9000001) holds the new number under this facility	no
S-REG-25.2	S-REG-25	W01	registration_supervisor	Change or retire a chart number	a number already assigned to another patient at this facility, or not 1 to 6 characters in the chart-number format	I save	it is refused and names the number	no
S-REG-25.3	S-REG-25	W01	registration_supervisor	Change or retire a chart number	a chart registered in error, sent to archives or inactive	I set that disposition with the date	the HEALTH RECORD NO. multiple (#9000001.41) holds the disposition, a status of inactivated and that date, the patient is listed with that status, and their registration can no longer be edited at this facility	no
S-REG-25.4	S-REG-25	W01	registration_supervisor	Change or retire a chart number	an inactivated chart	I set the disposition to reactivated or new chart	the HEALTH RECORD NO. multiple (#9000001.41) holds the disposition with no status and no inactivation date, and the registration can be edited again	no
S-REG-25.5	S-REG-25	W01	registration_supervisor	Change or retire a chart number	I do not hold the registration manager key (AGZMGR)	I open a patient	I cannot change their chart number or disposition	no
S-REG-26.1	S-REG-26	W01	registration_supervisor	Change a patient's legal name	a patient with proof of a new name	I record the new name, the proof provided and the document number	PATIENT (#2) holds the new name, PATIENT NAME CHANGES (#9000033) holds the change with the date, proof and document, and the OTHER NAME multiple (#2.01) holds the former name	no
S-REG-26.2	S-REG-26	W01	registration_supervisor	Change a patient's legal name	no proof provided, or a name that is not `LAST,FIRST MIDDLE` or outside 3 to 30 characters	I save	it is refused and names the value	no
S-REG-26.3	S-REG-26	W01	registration_supervisor	Change a patient's legal name	a name change on file	I correct its proof or document number	PATIENT NAME CHANGES (#9000033) holds the correction and the patient's name is unchanged	no
S-REG-26.4	S-REG-26	W01	registration_supervisor	Change a patient's legal name	I do not hold the registration manager key (AGZMGR)	I open a patient	I cannot change their legal name	no
S-REG-27.1	S-REG-27	W01	registration_supervisor	Record a patient's death	a living patient	I record the date and time of death, the state, the certificate number and the preliminary cause	PATIENT (#2) holds the date of death and me as the user who entered it, IHS PATIENT (#9000001) holds the state, certificate number and the date edited, and the patient is listed as deceased	no
S-REG-27.2	S-REG-27	W01	registration_supervisor	Record a patient's death	a date of death before the patient's date of birth, or in the future	I save	it is refused	no
S-REG-27.3	S-REG-27	W01	registration_supervisor	Record a patient's death	a death on file	any user opens the patient	the registration can be seen and nothing in it changed	no
S-REG-27.4	S-REG-27	W01	registration_supervisor	Record a patient's death	a death entered in error	I clear it	PATIENT (#2) holds no date of death and the registration can be edited again	no
S-REG-27.5	S-REG-27	W01	registration_supervisor	Record a patient's death	I do not hold the registration manager key (AGZMGR)	I open a patient	I cannot record or clear a death	no
S-REG-28.1	S-REG-28	W01	him_technician	Assign and work a patient record flag	a patient and a flag from PRF NATIONAL FLAG (#26.15) or PRF LOCAL FLAG (#26.11)	I assign it with the owner site, the narrative, who approved it and the review date	PRF ASSIGNMENT (#26.13) holds an active assignment for the patient with those values and the narrative, PRF ASSIGNMENT HISTORY (#26.14) holds a new-assignment action entered by me and approved by that person, and the patient is listed as flagged	no
S-REG-28.2	S-REG-28	W01	him_technician	Assign and work a patient record flag	a flag already assigned to the patient	I assign the same flag again	it is refused	no
S-REG-28.3	S-REG-28	W01	him_technician	Assign and work a patient record flag	a flag with a review frequency	I save with a review date before today, after today plus the frequency, or none	it is refused and names the date	no
S-REG-28.4	S-REG-28	W01	him_technician	Assign and work a patient record flag	no owner site, narrative, approver or flag	I save	it is refused and names the value	no
S-REG-28.5	S-REG-28	W01	him_technician	Assign and work a patient record flag	an active assignment	I continue or reactivate it with a reason, an approver and a new review date	PRF ASSIGNMENT (#26.13) holds the new review date and an active status, and PRF ASSIGNMENT HISTORY (#26.14) holds that action with the reason	no
S-REG-28.6	S-REG-28	W01	him_technician	Assign and work a patient record flag	an active assignment	I inactivate it, or mark it entered in error, with a reason and an approver	PRF ASSIGNMENT (#26.13) holds an inactive status and PRF ASSIGNMENT HISTORY (#26.14) holds that action with the reason, and the patient is no longer listed as flagged for it	no
S-REG-28.7	S-REG-28	W01	him_technician	Assign and work a patient record flag	I do not hold the flag assignment key (DGPF ASSIGNMENT)	I open a patient	I cannot assign a new flag	no
S-REG-29.1	S-REG-29	W01	him_technician	Track a request to restrict health information	a patient who asks for a restriction	I record it as pending with the date and the reason	RESTRICTED HEALTH INFORMATION (#9000039) holds the patient with that status, reason and date, entered by me today, and the patient is listed as restricted	no
S-REG-29.2	S-REG-29	W01	him_technician	Track a request to restrict health information	a pending request	I record it as approved with the date and the approving official	RESTRICTED HEALTH INFORMATION (#9000039) holds the approval with that official and date, by me today	no
S-REG-29.3	S-REG-29	W01	him_technician	Track a request to restrict health information	a request	I record it as not approved, or revoked, with the date and the official	RESTRICTED HEALTH INFORMATION (#9000039) holds that status with the official and date	no
S-REG-29.4	S-REG-29	W01	him_technician	Track a request to restrict health information	a status that needs a date or an official	I save without them, or with an official's name outside 3 to 20 characters, or with no reason	it is refused and names the value	no
S-REG-29.5	S-REG-29	W01	him_technician	Track a request to restrict health information	a request entered in error	I mark it so	RESTRICTED HEALTH INFORMATION (#9000039) holds that status with me and today, and the patient is no longer listed as restricted	no
S-REG-30.1	S-REG-30	W01	registration_supervisor	Run registration reports	patients added and edited over a date range	I run the daily activity report for those dates	it lists the patients by the date of their last registration update in IHS PATIENT (#9000001), or the counts of new, edited and removed, as I chose	no
S-REG-30.2	S-REG-30	W01	registration_supervisor	Run registration reports	patients registered quickly with a generated chart number	I run the temporary charts report	it lists each patient whose number in the HEALTH RECORD NO. multiple (#9000001.41) at this facility is temporary	no
S-REG-30.3	S-REG-30	W01	registration_supervisor	Run registration reports	patients with coverage on file	I run the insurance coverage or enrollment report for a resource, age range and eligibility status	it lists the patients whose coverage matches	no
S-REG-30.4	S-REG-30	W01	registration_supervisor	Run registration reports	I hold none of the keys that allow the reports (AGZMGR, AGZMENU, AGZVIEWONLY)	I open registration	I cannot run them. ## W02 Scheduling Drafts from BPRM 4.0 p6's Scheduling module (lakeraven-ehr#565): what a scheduler and the front desk can do to an appointment, the rules BPRM enforces, and the wait list, letters and reports around it. An appointment is filed where IHS scheduling files it, on the clinic in HOSPITAL LOCATION (#44) and on the patient in PATIENT (#2.98); whether BSDX APPOINTMENT (#9002018.4) is written too is the parity question in lakeraven-ehr's `docs/BPRM_PARITY_PLAN.md`, so the stories assert the two files every interface shares. Clinics, access types, holidays, resource groups and which users may work which clinic are left to a site-setup workflow	no
S-SCH-01.1	S-SCH-01	W02	scheduler	Book an appointment	a clinic with open slots on a date	I pick a slot and a registered patient	the appointment shows on the clinic's schedule and in the patient's appointments	no
S-SCH-01.2	S-SCH-01	W02	scheduler	Book an appointment	a slot that is full	I try to book it	I am told it is full, or asked to overbook if I hold the key for it	no
S-SCH-01.3	S-SCH-01	W02	scheduler	Book an appointment	a slot chosen but no patient, date, time or appointment length	I save	it is refused and names the missing value, and nothing is filed	no
S-SCH-01.4	S-SCH-01	W02	scheduler	Book an appointment	a note on the appointment shorter than 2 or longer than 150 characters, or one containing a semicolon or a colon	I save	it is refused and no appointment is filed	no
S-SCH-01.5	S-SCH-01	W02	scheduler	Book an appointment	the patient already has an active appointment (not cancelled, not a no-show) at that date and time in PATIENT (#2.98)	I book	it is refused and the existing appointment is unchanged	no
S-SCH-01.6	S-SCH-01	W02	scheduler	Book an appointment	a patient with a date of death in PATIENT (#2)	I book	it is refused	no
S-SCH-01.7	S-SCH-01	W02	scheduler	Book an appointment	a clinic whose inactivate date in HOSPITAL LOCATION (#44) is on or before the chosen date and whose reactivate date is absent or later	I book	it is refused and nothing is filed	no
S-SCH-01.8	S-SCH-01	W02	scheduler	Book an appointment	a date further ahead than the clinic's maximum days for future booking in HOSPITAL LOCATION (#44)	I book	it is refused	no
S-SCH-01.9	S-SCH-01	W02	scheduler	Book an appointment	a time with no access block for the clinic's resource in BSDX ACCESS BLOCK (#9002018.3), or one whose access type in BSDX ACCESS TYPE (#9002018.35) prevents access	I book without the master overbook right on that resource in BSDX RESOURCE USER (#9002018.15) and without SDZSUP	it is refused; with either, I am asked to confirm and the appointment is filed as an overbook	no
S-SCH-01.10	S-SCH-01	W02	scheduler	Book an appointment	a slot whose active appointments already equal the block's slot count, the overbook right on that resource for me in BSDX RESOURCE USER (#9002018.15), and fewer overbooks today on the clinic than its maximum per day in HOSPITAL LOCATION (#44)	I confirm the overbook	the appointment is on the clinic in HOSPITAL LOCATION (#44.003) and on the patient in PATIENT (#2.98), marked as an overbook	no
S-SCH-01.11	S-SCH-01	W02	scheduler	Book an appointment	a full slot and the clinic's overbooks for that day already at its maximum, and I hold neither the master overbook right on the resource nor SDZSUP	I try to book	it is refused and no appointment is filed	no
S-SCH-01.12	S-SCH-01	W02	scheduler	Book an appointment	I hold neither SDZSUP nor SDZMENU	I open scheduling	I cannot see a clinic's schedule or book, cancel, check in, check out or run a scheduling report	no
S-SCH-01.13	S-SCH-01	W02	scheduler	Book an appointment	a clinic whose resource gives my user no right to modify appointments in BSDX RESOURCE USER (#9002018.15), or a clinic marked as prohibiting access in HOSPITAL LOCATION (#44), and I do not hold SDZSUP	I open its schedule	I can see it but cannot book, cancel, check in or out, or mark a no-show on it	no
S-SCH-02.1	S-SCH-02	W02	scheduler	Cancel or reschedule	a booked appointment	I cancel it with a reason	the slot is open again and the appointment is marked cancelled by patient or clinic, with the reason	no
S-SCH-02.2	S-SCH-02	W02	scheduler	Cancel or reschedule	a booked appointment	I cancel it without saying whether the patient or the clinic cancelled, or without a reason	it is refused and the appointment stays booked	no
S-SCH-02.3	S-SCH-02	W02	scheduler	Cancel or reschedule	cancellation remarks shorter than 3 or longer than 160 characters	I save	it is refused	no
S-SCH-02.4	S-SCH-02	W02	scheduler	Cancel or reschedule	reasons in CANCELLATION REASONS (#409.2) typed for the clinic, for the patient or for both	I cancel on the clinic's behalf	only a reason typed clinic or both can be filed, and likewise patient or both when the patient cancelled	no
S-SCH-02.5	S-SCH-02	W02	scheduler	Cancel or reschedule	an appointment the patient has already been checked in for	I cancel it	it is refused; the check-in has to be undone first	no
S-SCH-02.6	S-SCH-02	W02	scheduler	Cancel or reschedule	an appointment already cancelled or marked no-show	I cancel it	it is refused	no
S-SCH-02.7	S-SCH-02	W02	scheduler	Cancel or reschedule	a booked appointment	I cancel it on the clinic's behalf with a reason and remarks	PATIENT (#2.98) holds the status cancelled by clinic, who cancelled it, when, the reason and the remarks, and the entry on the clinic in HOSPITAL LOCATION (#44.003) is gone so the slot counts as free	no
S-SCH-02.8	S-SCH-02	W02	scheduler	Cancel or reschedule	a booked appointment and an open slot in the same or another of my clinics	I move it there with a cancellation type and reason	the original is cancelled in PATIENT (#2.98) with that type and reason and a remark that it was rescheduled to the new time, and a new appointment is filed at the new time in HOSPITAL LOCATION (#44.003) and PATIENT (#2.98) carrying the original's note	no
S-SCH-02.9	S-SCH-02	W02	scheduler	Cancel or reschedule	an appointment that is checked in, cancelled or a no-show	I try to move it	it is refused	no
S-SCH-02.10	S-SCH-02	W02	scheduler	Cancel or reschedule	the new slot is full or blocked	I move an appointment there	the overbook rules of S-SCH-01 apply, and when they refuse the original stays booked	no
S-SCH-02.11	S-SCH-02	W02	scheduler	Cancel or reschedule	an appointment cancelled by the patient or by the clinic	I undo the cancellation with an appointment length	PATIENT (#2.98) no longer holds a cancellation status, reason or canceller, and the appointment is on the clinic again in HOSPITAL LOCATION (#44.003) with that length	no
S-SCH-02.12	S-SCH-02	W02	scheduler	Cancel or reschedule	a cancelled appointment whose slot has since been filled	I undo the cancellation	it is refused	no
S-SCH-02.13	S-SCH-02	W02	scheduler	Cancel or reschedule	an appointment that is not cancelled	I undo a cancellation	it is refused	no
S-SCH-03.1	S-SCH-03	W02	front_desk_clerk	Check the patient in	a patient with an appointment today	I check them in	the appointment shows checked in with the time, and a visit is created for the clinic and date	no
S-SCH-03.2	S-SCH-03	W02	front_desk_clerk	Check the patient in	a patient with an appointment today and a clinic with a default provider	I check them in naming the provider	HOSPITAL LOCATION (#44.003) holds the check-in time, me as the user who checked in and when it was entered, and VISIT (#9000010) holds a visit for the patient at the clinic on that date with that provider	no
S-SCH-03.3	S-SCH-03	W02	front_desk_clerk	Check the patient in	a check-in date that differs from the appointment's date, or lies in the future	I save	it is refused and nothing is filed	no
S-SCH-03.4	S-SCH-03	W02	front_desk_clerk	Check the patient in	a clinic that requires a visit provider in CLINIC SETUP PARAMETERS (#9009017.2)	I check in without naming one	it is refused	no
S-SCH-03.5	S-SCH-03	W02	front_desk_clerk	Check the patient in	a clinic set up to use several clinic stop codes in CLINIC SETUP PARAMETERS (#9009017.2)	I check in without choosing a stop from CLINIC STOP (#40.7)	it is refused; a clinic with one stop files its own	no
S-SCH-03.6	S-SCH-03	W02	front_desk_clerk	Check the patient in	a patient whose health record number at this facility is a temporary one	I check them in	it is refused	no
S-SCH-03.7	S-SCH-03	W02	front_desk_clerk	Check the patient in	an appointment already checked in, checked out, cancelled or marked no-show	I check it in	it is refused	no
S-SCH-03.8	S-SCH-03	W02	front_desk_clerk	Check the patient in	a check-in with a routing slip asked for on a named printer	I save	the routing slip for that patient and appointment prints to that device after the check-in is filed	no
S-SCH-03.9	S-SCH-03	W02	front_desk_clerk	Check the patient in	a checked-in appointment	I undo the check-in	HOSPITAL LOCATION (#44.003) no longer holds a check-in time or user and the appointment is scheduled again	no
S-SCH-04.1	S-SCH-04	W02	scheduler	Search for an open slot across days	a clinic whose resource in BSDX RESOURCE (#9002018.1) has access blocks in BSDX ACCESS BLOCK (#9002018.3) over a week	I search for slots of the clinic's appointment length between two dates	every slot returned starts inside one of those blocks on a day in the range, no earlier than the clinic's display start hour in HOSPITAL LOCATION (#44), ends within the block, and the block has fewer active appointments (scheduled, checked in or checked out) over that time than its slot count	no
S-SCH-04.2	S-SCH-04	W02	scheduler	Search for an open slot across days	an access block whose access type in BSDX ACCESS TYPE (#9002018.35) prevents access	I search	no slot inside it is returned	no
S-SCH-04.3	S-SCH-04	W02	scheduler	Search for an open slot across days	a date in HOLIDAY (#40.5) and a clinic that does not schedule on holidays in HOSPITAL LOCATION (#44)	I search across it	no slot on that date is returned; a clinic that schedules on holidays returns its slots as usual	no
S-SCH-04.4	S-SCH-04	W02	scheduler	Search for an open slot across days	dates beyond the clinic's maximum days for future booking, or inside its inactive period, in HOSPITAL LOCATION (#44)	I search	no slot on those dates is returned	no
S-SCH-04.5	S-SCH-04	W02	scheduler	Search for an open slot across days	I restrict the search to mornings or to afternoons	I search	only slots starting before noon, or from noon, are returned	no
S-SCH-04.6	S-SCH-04	W02	scheduler	Search for an open slot across days	I restrict the search to one access type	I search	only slots in blocks of that type are returned	no
S-SCH-04.7	S-SCH-04	W02	scheduler	Search for an open slot across days	a slot found by the search	I pick it and name a registered patient	the appointment is filed as in S-SCH-01.1 at that time with the slot's length	no
S-SCH-05.1	S-SCH-05	W02	scheduler	See the clinic's schedule and the appointment lists	clinics whose resources name my user in BSDX RESOURCE USER (#9002018.15) at this facility	I open the schedule	exactly those clinics are offered to me; holding SDZSUP, every clinic resource of the facility in BSDX RESOURCE (#9002018.1) is	no
S-SCH-05.2	S-SCH-05	W02	scheduler	See the clinic's schedule and the appointment lists	a clinic's access blocks for the week in BSDX ACCESS BLOCK (#9002018.3) and a date in HOLIDAY (#40.5)	I view a day	each block shows with its access type and slot count, and the holiday shows as blocked for the whole day unless the clinic schedules on holidays in HOSPITAL LOCATION (#44)	no
S-SCH-05.3	S-SCH-05	W02	scheduler	See the clinic's schedule and the appointment lists	appointments of every status on a day	I view the day	each shows with its status (scheduled, checked in, checked out, cancelled by clinic, cancelled by patient or no-show), and overbooks are marked	no
S-SCH-05.4	S-SCH-05	W02	scheduler	See the clinic's schedule and the appointment lists	another user books, cancels or checks in an appointment on a clinic I am viewing	they save	my view shows the change without my reloading it	no
S-SCH-05.5	S-SCH-05	W02	scheduler	See the clinic's schedule and the appointment lists	today's appointments across several of my clinics	I list them filtered to checked in	exactly those checked in and neither checked out nor cancelled are listed; and I can list today's, future, past or all appointments, sorted by appointment time, patient, check-in, check-out or no-show/cancel time	no
S-SCH-05.6	S-SCH-05	W02	scheduler	See the clinic's schedule and the appointment lists	a patient with appointments in several clinics	I open that patient's appointments	every one is listed with its clinic and division, status, type (scheduled or walk-in), who made it and when, and its check-in, check-out and cancellation details, and I can act on those in my clinics	no
S-SCH-06.1	S-SCH-06	W02	front_desk_clerk	Book a walk-in	a registered patient at the window with no appointment and a clinic I may modify appointments on	I book a walk-in at the current time naming the provider and clinic stop	the appointment is on the clinic in HOSPITAL LOCATION (#44.003) and on the patient in PATIENT (#2.98) typed as a walk-in, checked in at that time by me, and VISIT (#9000010) holds the visit	no
S-SCH-06.2	S-SCH-06	W02	front_desk_clerk	Book a walk-in	the current slot is full or blocked	I book the walk-in	the overbook rules of S-SCH-01 apply	no
S-SCH-06.3	S-SCH-06	W02	front_desk_clerk	Book a walk-in	a required check-in value missing (the provider when the clinic requires one, the stop when it uses several, the check-in time)	I save	it is refused and neither an appointment nor a visit is filed	no
S-SCH-06.4	S-SCH-06	W02	front_desk_clerk	Book a walk-in	the patient has an open entry on this clinic's wait list	I book the walk-in and ask to take them off it	their entry in WAITING LIST (#9009017.11) is closed today with the resolution that an appointment was made	no
S-SCH-07.1	S-SCH-07	W02	front_desk_clerk	Check the patient out	a checked-in appointment	I check the patient out with the time	HOSPITAL LOCATION (#44.003) holds the check-out time, me as the user who checked out and when it was entered	no
S-SCH-07.2	S-SCH-07	W02	front_desk_clerk	Check the patient out	an appointment that is not checked in	I check it out	it is refused	no
S-SCH-07.3	S-SCH-07	W02	front_desk_clerk	Check the patient out	a check-out date before the appointment's date or in the future, or a check-out time earlier than the check-in time on the same day	I save	it is refused and nothing is filed	no
S-SCH-07.4	S-SCH-07	W02	front_desk_clerk	Check the patient out	a check-out time more than five minutes ahead of the server's clock	I save	it is refused; a time a few minutes ahead is filed as the server's current time	no
S-SCH-07.5	S-SCH-07	W02	front_desk_clerk	Check the patient out	a patient who needs a follow-up and no slot to give them	I check them out and add them to the clinic's wait list with a reason, priority and recall date	WAITING LIST (#9009017.1) for the clinic holds the patient (#9009017.11) with those values, today as the date added, me as the user who added them and the clinic's default provider	no
S-SCH-07.6	S-SCH-07	W02	front_desk_clerk	Check the patient out	a checked-out appointment	I undo the check-out	HOSPITAL LOCATION (#44.003) no longer holds a check-out time or user and the appointment is checked in again	no
S-SCH-08.1	S-SCH-08	W02	scheduler	Record a no-show	a scheduled appointment whose time has passed with no check-in	I mark it a no-show with remarks	PATIENT (#2.98) holds the status no-show, me as who marked it, when, the clinic and the remarks, and the appointment no longer counts against the slot	no
S-SCH-08.2	S-SCH-08	W02	scheduler	Record a no-show	an appointment whose time has not yet passed, or one already checked in, cancelled or a no-show	I mark it a no-show	it is refused	no
S-SCH-08.3	S-SCH-08	W02	scheduler	Record a no-show	remarks shorter than 3 or longer than 160 characters	I save	it is refused	no
S-SCH-08.4	S-SCH-08	W02	scheduler	Record a no-show	a no-show appointment	I undo the no-show	PATIENT (#2.98) no longer holds the no-show status and the appointment is on the clinic again in HOSPITAL LOCATION (#44.003) with its length and note	no
S-SCH-08.5	S-SCH-08	W02	scheduler	Record a no-show	a no-show appointment whose slot has since been filled	I undo the no-show	it is refused	no
S-SCH-09.1	S-SCH-09	W02	scheduler	Keep an appointment's details current	a booked appointment	I change its note	HOSPITAL LOCATION (#44.003) holds the new note on that appointment and nothing else about it changes	no
S-SCH-09.2	S-SCH-09	W02	scheduler	Keep an appointment's details current	a note shorter than 2 or longer than 150 characters, or containing a semicolon or a colon	I save	it is refused	no
S-SCH-09.3	S-SCH-09	W02	scheduler	Keep an appointment's details current	a cancelled or no-show appointment	I change its remarks to between 3 and 160 characters	PATIENT (#2.98) holds the new remarks	no
S-SCH-09.4	S-SCH-09	W02	scheduler	Keep an appointment's details current	a booked appointment on a clinic that allows variable appointment lengths in HOSPITAL LOCATION (#44)	I change its length	HOSPITAL LOCATION (#44.003) holds the new length and the start time is unchanged	no
S-SCH-10.1	S-SCH-10	W02	scheduler	Keep the clinic's wait list	a patient who needs an appointment and a clinic with a wait list	I add them with the date added, a reason, a priority, a provider, a recall date and comments	WAITING LIST (#9009017.1) for that clinic holds the patient (#9009017.11) with those values and me as the user who added them, and the reason is one typed for adding in WAITING LIST REASON (#9009017.4)	no
S-SCH-10.2	S-SCH-10	W02	scheduler	Keep the clinic's wait list	no patient, clinic, date added, reason or recall date	I save	it is refused and nothing is filed	no
S-SCH-10.3	S-SCH-10	W02	scheduler	Keep the clinic's wait list	a clinic whose wait list is marked inactive in WAITING LIST (#9009017.1)	I add a patient	that clinic cannot be chosen	no
S-SCH-10.4	S-SCH-10	W02	scheduler	Keep the clinic's wait list	an open entry	I change its reason, priority, provider, recall date or comments	the entry holds the new values and is still open	no
S-SCH-10.5	S-SCH-10	W02	scheduler	Keep the clinic's wait list	an open entry	I remove it with the date removed and a resolution typed for removal in WAITING LIST REASON (#9009017.4)	the entry holds that date, resolution and me as the user who removed it, and it is closed	no
S-SCH-10.6	S-SCH-10	W02	scheduler	Keep the clinic's wait list	a removal without a date removed or a resolution	I save	it is refused and the entry stays open	no
S-SCH-10.7	S-SCH-10	W02	scheduler	Keep the clinic's wait list	an open entry	I book the patient from the wait list into a slot of that clinic	the appointment is filed as in S-SCH-01.1 and the entry is closed today with the resolution that an appointment was made and a comment naming the clinic and time	no
S-SCH-10.8	S-SCH-10	W02	scheduler	Keep the clinic's wait list	a closed entry	I open the wait list	I can read and edit it but neither remove it nor book from it again	no
S-SCH-10.9	S-SCH-10	W02	scheduler	Keep the clinic's wait list	entries across my clinics, open and closed	I list one clinic's wait list for a recall-date range, open only	exactly the open entries of that clinic with a recall date in the range are listed, in recall-date then priority order	no
S-SCH-11.1	S-SCH-11	W02	scheduler	Print appointment letters	a clinic whose pre-appointment letter in HOSPITAL LOCATION (#44) names a template in LETTER (#407.5), and patients with scheduled appointments in a date range	I print the clinic's pre-appointment letters for that range	one letter per patient is produced with their name, address and health record number, the template's opening and closing text, and each of their appointments in the range with clinic and time; cancelled, no-show and checked-in appointments and deceased patients are left out	no
S-SCH-11.2	S-SCH-11	W02	scheduler	Print appointment letters	a template that greets the parents and a patient under 18	I print	that patient's letter is addressed to their parents	no
S-SCH-11.3	S-SCH-11	W02	scheduler	Print appointment letters	appointments in the range cancelled by the clinic, cancelled by the patient, and marked no-show in PATIENT (#2.98)	I print letters of one of those three kinds	only the patients with appointments of that kind get a letter, on the clinic's template of that kind	no
S-SCH-11.4	S-SCH-11	W02	scheduler	Print appointment letters	a clinic with no template of the chosen kind in HOSPITAL LOCATION (#44) and none chosen by hand, or no appointments of that kind in the range	I print	no letter is produced and I am told which of the two it was	no
S-SCH-11.5	S-SCH-11	W02	scheduler	Print appointment letters	one appointment that is scheduled, cancelled or a no-show	I print its letter from the appointment	only that patient's letter of the matching kind is produced	no
S-SCH-12.1	S-SCH-12	W02	scheduler	Maintain a letter template	I hold SDZSUP	I add a letter with a name of 3 to 30 characters, one of the four kinds (pre-appointment, clinic cancellation, appointment cancellation, no-show), an opening and a closing text, and whether it greets the parents	LETTER (#407.5) holds it with those values	no
S-SCH-12.2	S-SCH-12	W02	scheduler	Maintain a letter template	a name missing or outside 3 to 30 characters, or no kind	I save	it is refused and nothing is filed	no
S-SCH-12.3	S-SCH-12	W02	scheduler	Maintain a letter template	an existing letter	I change its name, texts or the parents greeting	LETTER (#407.5) holds the new values and its kind is unchanged	no
S-SCH-12.4	S-SCH-12	W02	scheduler	Maintain a letter template	I do not hold SDZSUP	I open scheduling	I cannot add or change a letter template	no
S-SCH-13.1	S-SCH-13	W02	scheduler	Run the scheduling reports	appointments cancelled by the clinic and by the patient in my clinics over a range	I run the cancelled appointment report for one of the two	it lists exactly the appointments in PATIENT (#2.98) cancelled that way in those clinics and dates, with the reason	no
S-SCH-13.2	S-SCH-13	W02	scheduler	Run the scheduling reports	no-shows in my clinics over a range	I run the no-show report, as totals only or in full	it lists them, or counts them, by clinic	no
S-SCH-13.3	S-SCH-13	W02	scheduler	Run the scheduling reports	a clinic's appointments on a date	I run the clinic schedule report for that date, one date per page or not	it lists the day's appointments in time order with each patient and status	no
S-SCH-13.4	S-SCH-13	W02	scheduler	Run the scheduling reports	a clinic's checked-in visits over a range	I run the clinic workload report as a summary by month or a detail by day, with or without the previous year beside it	it counts the visits per clinic for each period	no
S-SCH-13.5	S-SCH-13	W02	scheduler	Run the scheduling reports	appointments past their time in my clinics with no check-in, check-out, cancellation or no-show recorded	I run the appointments-requiring-action report over the range	exactly those are listed	no
S-SCH-13.6	S-SCH-13	W02	scheduler	Run the scheduling reports	wait-list entries in my clinics	I run the wait list report over a range of recall, added or removed dates, with or without removed entries, grouped by date, priority, provider, reason or resolution, for one priority or all, in full or as a summary	it lists or counts exactly the entries in WAITING LIST (#9009017.1) that match	no
S-SCH-13.7	S-SCH-13	W02	scheduler	Run the scheduling reports	a patient with future appointments	I print their future appointments, or their routing slip, wrist band, medication profile or a wellness handout from an appointment	the printout is for that patient only	no
S-SCH-13.8	S-SCH-13	W02	scheduler	Run the scheduling reports	I hold neither SDZSUP nor SDZMENU	I open reports	none of the scheduling reports is offered to me. ## Signing on (every clinical workflow)	no
S-SGN-01.1	S-SGN-01	W03	medical_assistant	Sign on	valid access and verify codes	I sign on	the EHR opens on Notifications with my name and division in the header	no
S-SGN-01.2	S-SGN-01	W03	medical_assistant	Sign on	a wrong verify code	I sign on	sign-on is refused with a message and no part of the chart opens	no
S-SGN-01.3	S-SGN-01	W03	medical_assistant	Sign on	a verify code that has expired	I sign on	I am made to choose a new one before the chart opens	no
S-SGN-02.1	S-SGN-02	W03	nurse	See my notifications first	a notification addressed to me	I sign on	it is listed on the Notifications tab with its patient, and opening it puts that patient in context	no
S-SGN-03.1	S-SGN-03	W04	provider	Read the Cover Sheet	a patient with active problems, medications and an allergy	I select the patient	the Cover Sheet shows each of them, and today's vitals once they are taken. ## W03 Pre-Visit / Triage	no
S-TRI-01.1	S-TRI-01	W03	medical_assistant	Find the patient who is waiting	a patient checked in to my clinic	I open Patient Select and choose the clinic	the patient is listed with the appointment time and opening them shows the Cover Sheet	no
S-TRI-02.1	S-TRI-02	W03	medical_assistant	Take vitals	the patient's visit is selected	I enter the measurements and save	they are filed on the visit (V MEASUREMENT) and show on the Vitals tab and the Cover Sheet	no
S-TRI-02.2	S-TRI-02	W03	medical_assistant	Take vitals	a value out of range (a BP of 400)	I save	I am asked to confirm or correct it	no
S-TRI-03.1	S-TRI-03	W03	nurse	Record the reason for the visit and screenings	a selected visit	I record the chief complaint and a screening result on the Wellness tab	both are filed on the visit and the screening's reminder is satisfied	no
S-TRI-04.1	S-TRI-04	W03	medical_assistant	Review allergies	a patient with an allergy on file	I review it with the patient and mark it reviewed	the review is recorded on the visit	no
S-TRI-04.2	S-TRI-04	W03	medical_assistant	Review allergies	a patient who reports a new allergy	I add it	it shows on the Cover Sheet's allergies	no
S-TRI-05.1	S-TRI-05	W03	medical_assistant	Add outside medications	a medication the patient takes from outside the clinic	I add it as an outside medication	it shows on the Medications tab for the provider to reconcile	no
S-TRI-06.1	S-TRI-06	W03	medical_assistant	Select today's visit before charting	a patient checked in today	I open the encounter dialog	today's visit for my clinic is offered first, and selecting it shows it in the chart header	no
S-TRI-06.2	S-TRI-06	W03	medical_assistant	Select today's visit before charting	no visit selected	I try to enter vitals	I am asked to select a visit first. ## W04 Visit, Encounter and Note-Taking	no
S-VIS-01.1	S-VIS-01	W04	provider	Select or create the visit	a checked-in appointment	I open the encounter dialog	today's visit for that clinic is offered and selecting it puts it in context	no
S-VIS-01.2	S-VIS-01	W04	provider	Select or create the visit	a walk-in with no appointment	I create a visit for my clinic and now	a new visit exists and is in context	no
S-VIS-02.1	S-VIS-02	W04	provider	Review problems and set the purpose of visit	a patient with active problems	I select a problem as a POV	a V POV entry exists on the visit with the problem's code	no
S-VIS-02.2	S-VIS-02	W04	provider	Review problems and set the purpose of visit	a new diagnosis	I add it as a problem and a POV	it is on the problem list and on the visit	no
S-VIS-03.1	S-VIS-03	W04	provider	Enter orders	a visit in context	I pick a quick order and sign it	the order is active on the Orders tab	no
S-VIS-04.1	S-VIS-04	W04	provider	Write and sign the note	a visit in context	I pick a note title, fill the template and sign with my electronic signature	the note is signed (TIU DOCUMENT) and linked to the visit	no
S-VIS-04.2	S-VIS-04	W04	provider	Write and sign the note	a wrong electronic signature code	I sign	the note stays unsigned and I am told why	no
S-VIS-05.1	S-VIS-05	W04	medical_assistant	Chart the MA's part of the visit	a visit in context	I record an immunization with lot and site	it is filed on the visit and on the patient's immunization history	no
S-VIS-06.1	S-VIS-06	W04	provider	Reconcile medications	clinic and outside medications on the Medications tab	I mark each continued, changed or stopped	the list shows the result and the reconciliation is recorded on the visit. ## W05 Diagnosis and Procedure Coding	no
S-COD-01.1	S-COD-01	W05	provider	Code the visit as the provider	a signed note	I choose the E&M level on the visit	a V CPT entry with the E&M code exists on the visit	no
S-COD-02.1	S-COD-02	W05	coder	Review and correct codes	a signed, coded visit	I change a POV's ICD-10 code	the visit shows the corrected code and who changed it	no
S-COD-03.1	S-COD-03	W05	coder	Codes are current	the stack's build	I look up a code added in this fiscal year's update	it is found and active. ## W06 After-Visit Summary and Care Plan	no
S-AVS-01.1	S-AVS-01	W06	provider	Give the patient an after-visit summary	a signed visit	I print the after-visit summary	it lists the visit's POVs, current medications, today's orders and the next appointment	no
S-AVS-02.1	S-AVS-02	W06	nurse	Record patient instructions and education	a visit in context	I record an education topic with the patient's understanding	a V PATIENT ED entry is on the visit and on the summary	no
S-AVS-03.1	S-AVS-03	W06	patient	Receive the care plan	a visit with a care plan recorded	I am handed the summary	the care plan's goals and follow-up are on it in plain language. ## W07 Reporting (limited)	no
S-RPT-01.1	S-RPT-01	W07	site_manager	Count today's visits	visits filed over a week	I run the visit report for that week	the counts per clinic and provider match the visits in VISIT (#9000010)	no
S-RPT-02.1	S-RPT-02	W07	site_manager	Find visits not ready for billing	a visit with an unsigned note	I run the incomplete visits report	that visit is on it with the provider's name. ## W08 Billing and Revenue Cycle (Medicare and Medicaid)	no
S-BIL-01.1	S-BIL-01	W08	billing_technician	A coded visit becomes a claim	a coded visit for a patient with Medicaid eligibility on the visit date	claims are generated	a claim for Medicaid exists for that visit with its CPT and ICD codes	no
S-BIL-02.1	S-BIL-02	W08	billing_technician	Approve the claim	a claim with no errors	I approve it	a bill exists with a bill number and the claim is closed	no
S-BIL-02.2	S-BIL-02	W08	billing_technician	Approve the claim	a claim with an error (a missing provider NPI)	I try to approve it	approval is refused and the error is named	no
S-BIL-03.1	S-BIL-03	W08	billing_technician	Export the bill	approved Medicaid bills	I export them	an 837P file is written with one claim per bill. ## W09 Credentialing (limited)	no
S-CRD-01.1	S-CRD-01	W09	credentialing_coordinator	Set up a provider as a user	a new provider	I create the user with a person class and the PROVIDER key	they can sign on to VueCentric, and appear as a selectable provider on a visit	no
S-CRD-02.1	S-CRD-02	W09	credentialing_coordinator	Record licence and expiry	a licence expiring in 30 days	I run the expiring credentials report	that provider and licence are on it	no
S-CRD-04.1	S-CRD-04	W09	provider	Set my electronic signature	a new provider user	I set my electronic signature code	signing a note with it succeeds and the note shows my signature block. # Phase 2 and beyond Drafts: a story per human step of each draft journey, to be refined when the phase starts	no
S-RX-01.1	S-RX-01	W10	provider	Prescribe and dispense	a signed outpatient medication order	the pharmacist verifies and dispenses it	a prescription exists and shows active on the Medications tab	no
S-RX-02.1	S-RX-02	W10	pharmacist	Verify and dispense	a pending order for a patient with an allergy to the drug's class	I verify it	the allergy check stops me until I document an override	no
S-LAB-01.1	S-LAB-01	W11	provider	Order a lab and see the result	a signed lab order	the lab verifies the result	it shows on the Labs tab and I get a notification	no
S-LAB-02.1	S-LAB-02	W11	lab_technician	Accession and verify the result	a signed lab order	I accession it and verify a result	the result is filed on the patient and the order is complete	no
S-LAB-03.1	S-LAB-03	W11	provider	Review the result	a verified abnormal result	I open the Labs tab	the result is flagged abnormal with its reference range	no
S-REF-01.1	S-REF-01	W12	provider	Refer and get the consult back	a consult I ordered	the consultant completes it	it shows complete on the Consults tab with the report attached	no
S-REF-02.1	S-REF-02	W12	prc_clerk	Record the referral out	a consult to a service the clinic does not have	I record the referral	a referral exists with the outside provider and the reason	no
S-REF-03.1	S-REF-03	W12	nurse	Complete the consult	an open consult with a report received	I attach it and complete the consult	the consult shows complete and the provider is notified	no
S-PRC-01.1	S-PRC-01	W13	prc_clerk	Authorise Purchased/Referred Care	a referral for an eligible patient	I approve it	a PRC document exists with an obligated amount	no
S-PRC-02.1	S-PRC-02	W13	prc_clerk	Issue the purchase order	an approved referral	I issue the purchase order	it has a number and the funds are obligated	no
S-MSG-01.1	S-MSG-01	W14	nurse	Answer a patient message	a message from a patient	I reply	the patient sees the reply and the exchange is recorded in the chart	no
S-MSG-02.1	S-MSG-02	W14	patient	Send a message to the clinic	a patient with a portal account	I send a message	the clinic receives it and I see it in my sent messages	no
S-GPR-01.1	S-GPR-01	W15	site_manager	Run the GPRA report	a year of visits	I run the GPRA report	each measure's numerator and denominator are produced and can be traced to patients	no
S-GPR-02.1	S-GPR-02	W15	site_manager	See the patients behind a measure	a GPRA run	I ask for a measure's patient list	the patients not meeting it are listed with what is missing	no
S-CRD-03.1	S-CRD-03	W16	credentialing_coordinator	Full credentialing file	a provider due for reappointment	I open their credentials	the reappointment date and privileges are shown	no
S-BIL-04.1	S-BIL-04	W17	billing_technician	Bill third parties through a clearinghouse	a visit for a patient with private insurance	the bill is exported to the clearinghouse and the 835 comes back	the payment is posted to the bill in A/R. ## W18 Admission, Discharge and Transfer (ADT) Drafts from BPRM 4.0 p6's ADT module (lakeraven-ehr#565): what it lets a user do and the rules it enforces, not how its screens are laid out. Setting up wards, rooms and beds is left to a site-setup workflow	no
S-ADT-01.1	S-ADT-01	W18	admissions_clerk	Admit a patient	a registered patient who is not an inpatient	I admit them with the date and time, type and source of admission, ward, treating specialty, admitting and attending providers and admitting diagnosis	PATIENT MOVEMENT (#405) holds an admission movement for the patient with those values, and the patient is a current inpatient on that ward	no
S-ADT-01.2	S-ADT-01	W18	admissions_clerk	Admit a patient	a required value is missing	I save the admission	it is refused and names the value, and no movement is filed	no
S-ADT-01.3	S-ADT-01	W18	admissions_clerk	Admit a patient	an admission date and time in the future	I save the admission	it is refused	no
S-ADT-01.4	S-ADT-01	W18	admissions_clerk	Admit a patient	I hold none of the keys that allow moving a patient (DGZADT, DGZNUR, DGZSUP, DGZSYS)	I open ADT	I cannot admit, transfer or discharge	no
S-ADT-02.1	S-ADT-02	W18	nurse	Transfer a patient	a current inpatient	I transfer them to another ward with the date and time	PATIENT MOVEMENT (#405) holds a transfer movement after the admission, and the patient is a current inpatient on the new ward	no
S-ADT-02.2	S-ADT-02	W18	nurse	Transfer a patient	a current inpatient	I change their room and bed	the bed is theirs and their previous bed is free	no
S-ADT-02.3	S-ADT-02	W18	nurse	Transfer a patient	a current inpatient	I change their treating specialty or their attending provider with the date and time	PATIENT MOVEMENT (#405) holds a treating-specialty movement with the new specialty and provider	no
S-ADT-02.4	S-ADT-02	W18	nurse	Transfer a patient	a transfer date and time before the admission, or in the future	I save the transfer	it is refused and no movement is filed	no
S-ADT-03.1	S-ADT-03	W18	admissions_clerk	Discharge a patient	a current inpatient	I discharge them with the date and time, discharge type and discharge status	PATIENT MOVEMENT (#405) holds a discharge movement tied to the admission, the patient is no longer an inpatient, and their bed is free	no
S-ADT-03.2	S-ADT-03	W18	admissions_clerk	Discharge a patient	a discharge date and time before the admission, or in the future	I save the discharge	it is refused and the patient is still an inpatient	no
S-ADT-03.3	S-ADT-03	W18	admissions_clerk	Discharge a patient	a discharge that transfers the patient to another facility	I save it without naming the facility	it is refused and names the facility	no
S-ADT-04.1	S-ADT-04	W18	admissions_clerk	Correct or cancel a movement	an admission entered for the wrong patient	I cancel it and give the reason	the admission movement is gone from PATIENT MOVEMENT (#405) and the patient is not an inpatient	no
S-ADT-04.2	S-ADT-04	W18	admissions_clerk	Correct or cancel a movement	a discharge entered in error	I cancel the discharge	the patient is a current inpatient again on the ward they were discharged from	no
S-ADT-04.3	S-ADT-04	W18	admissions_clerk	Correct or cancel a movement	an admission with the wrong admitting diagnosis or provider	I change the admission's details	the admission movement holds the corrected values and no new movement is filed	no
S-ADT-05.1	S-ADT-05	W18	him_technician	Complete the chart after discharge	a discharged patient	I open an incomplete chart for the stay and record a deficiency against a provider	INCOMPLETE CHART (#9009016.1) holds the stay with that provider and deficiency, and the chart is listed as incomplete	no
S-ADT-05.2	S-ADT-05	W18	him_technician	Complete the chart after discharge	an incomplete chart with one deficiency	I record the date the provider resolved it and the date the chart was completed	the chart is no longer listed as incomplete	no
S-ADT-05.3	S-ADT-05	W18	him_technician	Complete the chart after discharge	I hold none of the incomplete-chart keys (DGZICE, DGZPCC, DGZSUP, DGZSYS)	I open ADT	I cannot open or change an incomplete chart	no
S-ADT-06.1	S-ADT-06	W18	nurse	See who is in the house	two patients admitted to a ward and one to another	I list the current inpatients for the first ward	exactly those two are listed, each with their room and bed and attending provider	no
S-ADT-06.2	S-ADT-06	W18	nurse	See who is in the house	a patient discharged today	I list today's discharges	the patient is listed with the discharge date and type, and is not on the current inpatient list. ## W19 Benefits and Eligibility Drafts from BPRM 4.0 p6's Benefits module (lakeraven-ehr#565). S-REG-03 (W01) is the front desk's part: enough coverage on file to bill the visit. These are the benefits coordinator's: every kind of coverage, the survey Medicare requires, the order payers are billed in, and the work of getting an uninsured patient covered. Maintaining the insurer, employer and group-plan tables is left to a site-setup workflow	no
S-BEN-01.1	S-BEN-01	W19	benefits_coordinator	See all of a patient's coverage	a patient with Medicare and a private policy on file	I open their coverage	both are listed with the insurer, the policy or beneficiary number and the effective and end dates	no
S-BEN-01.2	S-BEN-01	W19	benefits_coordinator	See all of a patient's coverage	a patient with no coverage on file	I open their coverage	the list is empty and I can add coverage	no
S-BEN-02.1	S-BEN-02	W19	benefits_coordinator	Record Medicare, Railroad and Part D coverage	a patient with no Medicare on file	I record their Medicare beneficiary identifier, the name on the card, and Part A and Part B with effective dates	MEDICARE ELIGIBLE (#9000003) holds the patient with that identifier and one eligibility entry per part with its dates	no
S-BEN-02.2	S-BEN-02	W19	benefits_coordinator	Record Medicare, Railroad and Part D coverage	a Medicare beneficiary identifier that is not in the identifier's format	I save	it is refused and nothing is filed	no
S-BEN-02.3	S-BEN-02	W19	benefits_coordinator	Record Medicare, Railroad and Part D coverage	a name on the card that is not `LAST,FIRST MIDDLE`	I save	it is refused and names the format	no
S-BEN-02.4	S-BEN-02	W19	benefits_coordinator	Record Medicare, Railroad and Part D coverage	a Railroad Retirement beneficiary	I record their number and parts with effective dates	RAILROAD ELIGIBLE (#9000005) holds the patient with those parts and dates	no
S-BEN-02.5	S-BEN-02	W19	benefits_coordinator	Record Medicare, Railroad and Part D coverage	a patient with Medicare on file	I record a Part D plan with its insurer, member number and effective date	the Part D eligibility is filed with that insurer and listed with the patient's coverage	no
S-BEN-02.6	S-BEN-02	W19	benefits_coordinator	Record Medicare, Railroad and Part D coverage	a Medicare part recorded in error	I remove that eligibility entry	MEDICARE ELIGIBLE (#9000003) no longer holds it and the other parts are unchanged	no
S-BEN-03.1	S-BEN-03	W19	benefits_coordinator	Record Medicaid coverage	a patient with no Medicaid on file	I record their Medicaid number, the name on the card, the state's plan and an eligibility period	MEDICAID ELIGIBLE (#9000004) holds the patient with that number, plan and period	no
S-BEN-03.2	S-BEN-03	W19	benefits_coordinator	Record Medicaid coverage	a plan that requires a rate code	I save without one	it is refused and names the rate code	no
S-BEN-03.3	S-BEN-03	W19	benefits_coordinator	Record Medicaid coverage	a Medicaid eligibility period that has ended	I add the new period	both periods are on file and only the new one covers today	no
S-BEN-04.1	S-BEN-04	W19	benefits_coordinator	Record private insurance	a patient who holds a policy	I record the insurer, policy number, coverage type and effective date with the patient as holder	POLICY HOLDER holds the policy and PRIVATE INSURANCE ELIGIBLE (#9000006) holds the patient as a member of it	no
S-BEN-04.2	S-BEN-04	W19	benefits_coordinator	Record private insurance	a policy held by the patient's parent	I add the patient as a member with their relationship to the holder	PRIVATE INSURANCE ELIGIBLE (#9000006) holds the patient under that policy with that relationship	no
S-BEN-04.3	S-BEN-04	W19	benefits_coordinator	Record private insurance	a member added to a policy in error	I remove the member	the policy and its other members are unchanged	no
S-BEN-04.4	S-BEN-04	W19	benefits_coordinator	Record private insurance	coverage that a claim has already been billed to	I ask to delete the coverage	I am warned that claims use it before anything is deleted	no
S-BEN-05.1	S-BEN-05	W19	benefits_coordinator	Complete the Medicare Secondary Payer survey	a patient with Medicare	I record the survey with the date it was given, the answers and the signature date	MSP PATIENT holds a survey for that date with those answers	no
S-BEN-05.2	S-BEN-05	W19	benefits_coordinator	Complete the Medicare Secondary Payer survey	a survey already on file for a date	I record another for the same date	it is refused	no
S-BEN-05.3	S-BEN-05	W19	benefits_coordinator	Complete the Medicare Secondary Payer survey	a signature date before the date the survey was given	I save	it is refused	no
S-BEN-06.1	S-BEN-06	W19	benefits_coordinator	Set the order payers are billed in	a patient with Medicare and a private policy	I set the private policy first and Medicare second for medical visits from today	the patient's sequence for that category and date is filed in that order	no
S-BEN-06.2	S-BEN-06	W19	benefits_coordinator	Set the order payers are billed in	a sequence on file	I remove it	the patient has no sequence for that category and their coverage is unchanged	no
S-BEN-07.1	S-BEN-07	W19	benefits_coordinator	Record a prior authorization	a patient with a private policy	I record an authorization with the encounter date, insurer, authorization number and date, and the person who authorized it	PRIOR AUTHORIZATIONS (#9000046) holds it for the patient with that contact	no
S-BEN-07.2	S-BEN-07	W19	benefits_coordinator	Record a prior authorization	an authorization on file	I add additional authorized days	the authorization holds them and its original days are unchanged	no
S-BEN-07.3	S-BEN-07	W19	benefits_coordinator	Record a prior authorization	an authorized amount of zero	I save	it is refused	no
S-BEN-08.1	S-BEN-08	W19	benefits_coordinator	Record workers' compensation and third-party liability	a patient injured at work	I record the date of injury, the insurer and the claim number	WORKMAN'S COMPENSATION (#9000042) holds the claim for the patient under that date of injury	no
S-BEN-08.2	S-BEN-08	W19	benefits_coordinator	Record workers' compensation and third-party liability	a patient injured in an accident where another party is liable	I record the date of injury and the responsible party	THIRD PARTY LIABILITY (#9000041) holds it for the patient under that date of injury	no
S-BEN-09.1	S-BEN-09	W19	benefits_coordinator	Record the guarantor	a minor patient	I record a parent as guarantor with an effective date	GUARANTOR (#9000043) holds the parent for the patient from that date	no
S-BEN-09.2	S-BEN-09	W19	benefits_coordinator	Record the guarantor	a guarantor on file	I end their responsibility and record a new guarantor from the next day	both are on file and only the new one is responsible today	no
S-BEN-10.1	S-BEN-10	W19	benefits_coordinator	Work a benefits case	an uninsured patient referred to me	I open a case with the date assigned, the reason and myself as the coordinator	BENEFIT COORDINATOR CASES (#9000044) holds an open case for the patient assigned to me	no
S-BEN-10.2	S-BEN-10	W19	benefits_coordinator	Work a benefits case	an open case	I record an application with its type, the date it was obtained and the date it was submitted	PATIENT APPLICATIONS (#9000045) holds the application for the patient with those dates	no
S-BEN-10.3	S-BEN-10	W19	benefits_coordinator	Work a benefits case	an open case	I complete it with a date before the date it was assigned	it is refused	no
S-BEN-10.4	S-BEN-10	W19	benefits_coordinator	Work a benefits case	a completed case and a user without the re-open key (AGZCREOPN)	they try to re-open it	it is refused and the case stays completed	no
